{
    "data": {
        "singleChoices": [
            {
                "id": 313,
                "createdDate": null,
                "lastModifiedDate": null,
                "version": null,
                "content": "1.在有序数据类型的正向索引及切片中，索引值位数的正确书写方式是?",
                "exerciseAnalysis": "",
                "type": "SINGLE_CHOICE",
                "schoolId": null,
                "subjectId": null,
                "score": null,
                "complexity": null,
                "beAdopted": null,
                "enabled": null,
                "userExercise": null,
                "singleChoices": [
                    {
                        "id": 533,
                        "createdDate": null,
                        "lastModifiedDate": null,
                        "version": null,
                        "exerciseId": null,
                        "option": "A",
                        "content": "0到n",
                        "answer": false
                    },
                    {
                        "id": 534,
                        "createdDate": null,
                        "lastModifiedDate": null,
                        "version": null,
                        "exerciseId": null,
                        "option": "B",
                        "content": "1到n",
                        "answer": false
                    },
                    {
                        "id": 535,
                        "createdDate": null,
                        "lastModifiedDate": null,
                        "version": null,
                        "exerciseId": null,
                        "option": "C",
                        "content": "0到n-1",
                        "answer": true
                    },
                    {
                        "id": 536,
                        "createdDate": null,
                        "lastModifiedDate": null,
                        "version": null,
                        "exerciseId": null,
                        "option": "D",
                        "content": "1到n-1",
                        "answer": false
                    }
                ],
                "titleScore": 1.00
            },
            {
                "id": 314,
                "createdDate": null,
                "lastModifiedDate": null,
                "version": null,
                "content": "s=\"abcdefghijk\"，那么s［::］表示的数值是?",
                "exerciseAnalysis": "",
                "type": "SINGLE_CHOICE",
                "schoolId": null,
                "subjectId": null,
                "score": null,
                "complexity": null,
                "beAdopted": null,
                "enabled": null,
                "userExercise": null,
                "singleChoices": [
                    {
                        "id": 537,
                        "createdDate": null,
                        "lastModifiedDate": null,
                        "version": null,
                        "exerciseId": null,
                        "option": "A",
                        "content": "\"abcdefghijk\"",
                        "answer": true
                    },
                    {
                        "id": 538,
                        "createdDate": null,
                        "lastModifiedDate": null,
                        "version": null,
                        "exerciseId": null,
                        "option": "B",
                        "content": "\"abcdefghij“",
                        "answer": false
                    },
                    {
                        "id": 539,
                        "createdDate": null,
                        "lastModifiedDate": null,
                        "version": null,
                        "exerciseId": null,
                        "option": "C",
                        "content": "\"kjingfedcba\"",
                        "answer": false
                    },
                    {
                        "id": 540,
                        "createdDate": null,
                        "lastModifiedDate": null,
                        "version": null,
                        "exerciseId": null,
                        "option": "D",
                        "content": "\"acegik\"",
                        "answer": false
                    }
                ],
                "titleScore": 1.00
            },
            {
                "id": 315,
                "createdDate": null,
                "lastModifiedDate": null,
                "version": null,
                "content": "以下代码的输出结果是(>>>表示顶格书写):>>>s=\"aabbbbaa\">>>s.strip(\"ab\")",
                "exerciseAnalysis": "",
                "type": "SINGLE_CHOICE",
                "schoolId": null,
                "subjectId": null,
                "score": null,
                "complexity": null,
                "beAdopted": null,
                "enabled": null,
                "userExercise": null,
                "singleChoices": [
                    {
                        "id": 541,
                        "createdDate": null,
                        "lastModifiedDate": null,
                        "version": null,
                        "exerciseId": null,
                        "option": "A",
                        "content": "\"bb\"",
                        "answer": false
                    },
                    {
                        "id": 542,
                        "createdDate": null,
                        "lastModifiedDate": null,
                        "version": null,
                        "exerciseId": null,
                        "option": "B",
                        "content": "\"abbbba\"",
                        "answer": false
                    },
                    {
                        "id": 543,
                        "createdDate": null,
                        "lastModifiedDate": null,
                        "version": null,
                        "exerciseId": null,
                        "option": "C",
                        "content": "“”",
                        "answer": true
                    },
                    {
                        "id": 544,
                        "createdDate": null,
                        "lastModifiedDate": null,
                        "version": null,
                        "exerciseId": null,
                        "option": "D",
                        "content": "\"abba\"",
                        "answer": false
                    }
                ],
                "titleScore": 1.00
            },
            {
                "id": 316,
                "createdDate": null,
                "lastModifiedDate": null,
                "version": null,
                "content": "以下代码的输出结果是(>>>表示顶格书写):>>>s=\"abc\\n\">>>s.split()",
                "exerciseAnalysis": "",
                "type": "SINGLE_CHOICE",
                "schoolId": null,
                "subjectId": null,
                "score": null,
                "complexity": null,
                "beAdopted": null,
                "enabled": null,
                "userExercise": null,
                "singleChoices": [
                    {
                        "id": 545,
                        "createdDate": null,
                        "lastModifiedDate": null,
                        "version": null,
                        "exerciseId": null,
                        "option": "A",
                        "content": "[\" \",\"abc\\n\",\"\"]",
                        "answer": false
                    },
                    {
                        "id": 546,
                        "createdDate": null,
                        "lastModifiedDate": null,
                        "version": null,
                        "exerciseId": null,
                        "option": "B",
                        "content": "[\"abc\"]",
                        "answer": true
                    },
                    {
                        "id": 547,
                        "createdDate": null,
                        "lastModifiedDate": null,
                        "version": null,
                        "exerciseId": null,
                        "option": "C",
                        "content": "[\"\", \"abc\",\"\"]",
                        "answer": false
                    },
                    {
                        "id": 548,
                        "createdDate": null,
                        "lastModifiedDate": null,
                        "version": null,
                        "exerciseId": null,
                        "option": "D",
                        "content": "[\"\"]",
                        "answer": false
                    }
                ],
                "titleScore": 1.00
            },
            {
                "id": 317,
                "createdDate": null,
                "lastModifiedDate": null,
                "version": null,
                "content": "程序ord(c)的输出结果是?",
                "exerciseAnalysis": "",
                "type": "SINGLE_CHOICE",
                "schoolId": null,
                "subjectId": null,
                "score": null,
                "complexity": null,
                "beAdopted": null,
                "enabled": null,
                "userExercise": null,
                "singleChoices": [
                    {
                        "id": 549,
                        "createdDate": null,
                        "lastModifiedDate": null,
                        "version": null,
                        "exerciseId": null,
                        "option": "A",
                        "content": "99",
                        "answer": true
                    },
                    {
                        "id": 550,
                        "createdDate": null,
                        "lastModifiedDate": null,
                        "version": null,
                        "exerciseId": null,
                        "option": "B",
                        "content": "98",
                        "answer": false
                    },
                    {
                        "id": 551,
                        "createdDate": null,
                        "lastModifiedDate": null,
                        "version": null,
                        "exerciseId": null,
                        "option": "C",
                        "content": "NameError",
                        "answer": false
                    },
                    {
                        "id": 552,
                        "createdDate": null,
                        "lastModifiedDate": null,
                        "version": null,
                        "exerciseId": null,
                        "option": "D",
                        "content": "SyntaxError",
                        "answer": false
                    }
                ],
                "titleScore": 1.00
            },
            {
                "id": 318,
                "createdDate": null,
                "lastModifiedDate": null,
                "version": null,
                "content": "以下代码的输出结果是(>>>表示顶格书写):>>>for i in range(3）： if i==1: break >>>print（i)",
                "exerciseAnalysis": "",
                "type": "SINGLE_CHOICE",
                "schoolId": null,
                "subjectId": null,
                "score": null,
                "complexity": null,
                "beAdopted": null,
                "enabled": null,
                "userExercise": null,
                "singleChoices": [
                    {
                        "id": 553,
                        "createdDate": null,
                        "lastModifiedDate": null,
                        "version": null,
                        "exerciseId": null,
                        "option": "A",
                        "content": "12",
                        "answer": false
                    },
                    {
                        "id": 554,
                        "createdDate": null,
                        "lastModifiedDate": null,
                        "version": null,
                        "exerciseId": null,
                        "option": "B",
                        "content": "1",
                        "answer": true
                    },
                    {
                        "id": 555,
                        "createdDate": null,
                        "lastModifiedDate": null,
                        "version": null,
                        "exerciseId": null,
                        "option": "C",
                        "content": "0",
                        "answer": false
                    },
                    {
                        "id": 556,
                        "createdDate": null,
                        "lastModifiedDate": null,
                        "version": null,
                        "exerciseId": null,
                        "option": "D",
                        "content": "0  2",
                        "answer": false
                    }
                ],
                "titleScore": 1.00
            },
            {
                "id": 319,
                "createdDate": null,
                "lastModifiedDate": null,
                "version": null,
                "content": "在Python语言中，不能作为变量名的是?",
                "exerciseAnalysis": "",
                "type": "SINGLE_CHOICE",
                "schoolId": null,
                "subjectId": null,
                "score": null,
                "complexity": null,
                "beAdopted": null,
                "enabled": null,
                "userExercise": null,
                "singleChoices": [
                    {
                        "id": 557,
                        "createdDate": null,
                        "lastModifiedDate": null,
                        "version": null,
                        "exerciseId": null,
                        "option": "A",
                        "content": "student",
                        "answer": false
                    },
                    {
                        "id": 558,
                        "createdDate": null,
                        "lastModifiedDate": null,
                        "version": null,
                        "exerciseId": null,
                        "option": "B",
                        "content": "_bmg",
                        "answer": false
                    },
                    {
                        "id": 559,
                        "createdDate": null,
                        "lastModifiedDate": null,
                        "version": null,
                        "exerciseId": null,
                        "option": "C",
                        "content": "5sp",
                        "answer": true
                    },
                    {
                        "id": 560,
                        "createdDate": null,
                        "lastModifiedDate": null,
                        "version": null,
                        "exerciseId": null,
                        "option": "D",
                        "content": "Teacher",
                        "answer": false
                    }
                ],
                "titleScore": 1.00
            },
            {
                "id": 320,
                "createdDate": null,
                "lastModifiedDate": null,
                "version": null,
                "content": "以下代码输出结果是(>>>表示顶格书写）:>>>x=\"R\\0S\\0T\">>>print(len(x))",
                "exerciseAnalysis": "",
                "type": "SINGLE_CHOICE",
                "schoolId": null,
                "subjectId": null,
                "score": null,
                "complexity": null,
                "beAdopted": null,
                "enabled": null,
                "userExercise": null,
                "singleChoices": [
                    {
                        "id": 561,
                        "createdDate": null,
                        "lastModifiedDate": null,
                        "version": null,
                        "exerciseId": null,
                        "option": "A",
                        "content": "3",
                        "answer": false
                    },
                    {
                        "id": 562,
                        "createdDate": null,
                        "lastModifiedDate": null,
                        "version": null,
                        "exerciseId": null,
                        "option": "B",
                        "content": "5",
                        "answer": true
                    },
                    {
                        "id": 563,
                        "createdDate": null,
                        "lastModifiedDate": null,
                        "version": null,
                        "exerciseId": null,
                        "option": "C",
                        "content": "7",
                        "answer": false
                    },
                    {
                        "id": 564,
                        "createdDate": null,
                        "lastModifiedDate": null,
                        "version": null,
                        "exerciseId": null,
                        "option": "D",
                        "content": "6",
                        "answer": false
                    }
                ],
                "titleScore": 1.00
            },
            {
                "id": 321,
                "createdDate": null,
                "lastModifiedDate": null,
                "version": null,
                "content": "用以下代码给制的图形是(>>>表示顶格书写):>>>import turtle as t>>>for i in range(1,7):t.fd(50)(此处回车换行)t.left(60)",
                "exerciseAnalysis": "",
                "type": "SINGLE_CHOICE",
                "schoolId": null,
                "subjectId": null,
                "score": null,
                "complexity": null,
                "beAdopted": null,
                "enabled": null,
                "userExercise": null,
                "singleChoices": [
                    {
                        "id": 565,
                        "createdDate": null,
                        "lastModifiedDate": null,
                        "version": null,
                        "exerciseId": null,
                        "option": "A",
                        "content": "正方形",
                        "answer": false
                    },
                    {
                        "id": 566,
                        "createdDate": null,
                        "lastModifiedDate": null,
                        "version": null,
                        "exerciseId": null,
                        "option": "B",
                        "content": "六边形",
                        "answer": true
                    },
                    {
                        "id": 567,
                        "createdDate": null,
                        "lastModifiedDate": null,
                        "version": null,
                        "exerciseId": null,
                        "option": "C",
                        "content": "三角形",
                        "answer": false
                    },
                    {
                        "id": 568,
                        "createdDate": null,
                        "lastModifiedDate": null,
                        "version": null,
                        "exerciseId": null,
                        "option": "D",
                        "content": "五角星",
                        "answer": false
                    }
                ],
                "titleScore": 1.00
            },
            {
                "id": 322,
                "createdDate": null,
                "lastModifiedDate": null,
                "version": null,
                "content": "以下代码的输出结果是(>>>表示顶格书写):>>>t=10.5>>>def above_zero(t): return t>0",
                "exerciseAnalysis": "",
                "type": "SINGLE_CHOICE",
                "schoolId": null,
                "subjectId": null,
                "score": null,
                "complexity": null,
                "beAdopted": null,
                "enabled": null,
                "userExercise": null,
                "singleChoices": [
                    {
                        "id": 569,
                        "createdDate": null,
                        "lastModifiedDate": null,
                        "version": null,
                        "exerciseId": null,
                        "option": "A",
                        "content": "True",
                        "answer": false
                    },
                    {
                        "id": 570,
                        "createdDate": null,
                        "lastModifiedDate": null,
                        "version": null,
                        "exerciseId": null,
                        "option": "B",
                        "content": "False",
                        "answer": false
                    },
                    {
                        "id": 571,
                        "createdDate": null,
                        "lastModifiedDate": null,
                        "version": null,
                        "exerciseId": null,
                        "option": "C",
                        "content": "10.5",
                        "answer": false
                    },
                    {
                        "id": 572,
                        "createdDate": null,
                        "lastModifiedDate": null,
                        "version": null,
                        "exerciseId": null,
                        "option": "D",
                        "content": "没有输出",
                        "answer": true
                    }
                ],
                "titleScore": 1.00
            },
            {
                "id": 323,
                "createdDate": null,
                "lastModifiedDate": null,
                "version": null,
                "content": "11.以下代码的输出结果是(>>>表示顶格书写):>>>d={\"大地\":\"蓝天\"，\"天空\":\"灰色\"，\"大地\":\"黑色\"}>>>print(d[\"大地\",d.get(\"天空\"\"黄色\")）",
                "exerciseAnalysis": "",
                "type": "SINGLE_CHOICE",
                "schoolId": null,
                "subjectId": null,
                "score": null,
                "complexity": null,
                "beAdopted": null,
                "enabled": null,
                "userExercise": null,
                "singleChoices": [
                    {
                        "id": 573,
                        "createdDate": null,
                        "lastModifiedDate": null,
                        "version": null,
                        "exerciseId": null,
                        "option": "A",
                        "content": "蓝色 黑色",
                        "answer": false
                    },
                    {
                        "id": 574,
                        "createdDate": null,
                        "lastModifiedDate": null,
                        "version": null,
                        "exerciseId": null,
                        "option": "B",
                        "content": "黑色 灰色",
                        "answer": true
                    },
                    {
                        "id": 575,
                        "createdDate": null,
                        "lastModifiedDate": null,
                        "version": null,
                        "exerciseId": null,
                        "option": "C",
                        "content": "灰色 黄色",
                        "answer": false
                    },
                    {
                        "id": 576,
                        "createdDate": null,
                        "lastModifiedDate": null,
                        "version": null,
                        "exerciseId": null,
                        "option": "D",
                        "content": "蓝色 灰色",
                        "answer": false
                    }
                ],
                "titleScore": 1.00
            },
            {
                "id": 324,
                "createdDate": null,
                "lastModifiedDate": null,
                "version": null,
                "content": "s是一个字符串，以下哪一个选项表示的是jieba库中的精确分词模式?",
                "exerciseAnalysis": "",
                "type": "SINGLE_CHOICE",
                "schoolId": null,
                "subjectId": null,
                "score": null,
                "complexity": null,
                "beAdopted": null,
                "enabled": null,
                "userExercise": null,
                "singleChoices": [
                    {
                        "id": 577,
                        "createdDate": null,
                        "lastModifiedDate": null,
                        "version": null,
                        "exerciseId": null,
                        "option": "A",
                        "content": "jieba.add_word(s)",
                        "answer": false
                    },
                    {
                        "id": 578,
                        "createdDate": null,
                        "lastModifiedDate": null,
                        "version": null,
                        "exerciseId": null,
                        "option": "B",
                        "content": "jiaba.lcut(s,cut_all=True）",
                        "answer": false
                    },
                    {
                        "id": 579,
                        "createdDate": null,
                        "lastModifiedDate": null,
                        "version": null,
                        "exerciseId": null,
                        "option": "C",
                        "content": "jieba.lcut_for_search(s)",
                        "answer": false
                    },
                    {
                        "id": 580,
                        "createdDate": null,
                        "lastModifiedDate": null,
                        "version": null,
                        "exerciseId": null,
                        "option": "D",
                        "content": "jiebai.cut(s)",
                        "answer": true
                    }
                ],
                "titleScore": 1.00
            },
            {
                "id": 325,
                "createdDate": null,
                "lastModifiedDate": null,
                "version": null,
                "content": "表达式3**2*4//6%5的计算结果是?",
                "exerciseAnalysis": "",
                "type": "SINGLE_CHOICE",
                "schoolId": null,
                "subjectId": null,
                "score": null,
                "complexity": null,
                "beAdopted": null,
                "enabled": null,
                "userExercise": null,
                "singleChoices": [
                    {
                        "id": 581,
                        "createdDate": null,
                        "lastModifiedDate": null,
                        "version": null,
                        "exerciseId": null,
                        "option": "A",
                        "content": "6",
                        "answer": false
                    },
                    {
                        "id": 582,
                        "createdDate": null,
                        "lastModifiedDate": null,
                        "version": null,
                        "exerciseId": null,
                        "option": "B",
                        "content": "5",
                        "answer": false
                    },
                    {
                        "id": 583,
                        "createdDate": null,
                        "lastModifiedDate": null,
                        "version": null,
                        "exerciseId": null,
                        "option": "C",
                        "content": "1",
                        "answer": true
                    },
                    {
                        "id": 584,
                        "createdDate": null,
                        "lastModifiedDate": null,
                        "version": null,
                        "exerciseId": null,
                        "option": "D",
                        "content": "4",
                        "answer": false
                    }
                ],
                "titleScore": 1.00
            },
            {
                "id": 326,
                "createdDate": null,
                "lastModifiedDate": null,
                "version": null,
                "content": "Python提供三种基本的数字类型，他们是?",
                "exerciseAnalysis": "",
                "type": "SINGLE_CHOICE",
                "schoolId": null,
                "subjectId": null,
                "score": null,
                "complexity": null,
                "beAdopted": null,
                "enabled": null,
                "userExercise": null,
                "singleChoices": [
                    {
                        "id": 585,
                        "createdDate": null,
                        "lastModifiedDate": null,
                        "version": null,
                        "exerciseId": null,
                        "option": "A",
                        "content": "整数、浮点数、复数",
                        "answer": true
                    },
                    {
                        "id": 586,
                        "createdDate": null,
                        "lastModifiedDate": null,
                        "version": null,
                        "exerciseId": null,
                        "option": "B",
                        "content": "整数、二进制、浮点数",
                        "answer": false
                    },
                    {
                        "id": 587,
                        "createdDate": null,
                        "lastModifiedDate": null,
                        "version": null,
                        "exerciseId": null,
                        "option": "C",
                        "content": "整数、二进制、布尔",
                        "answer": false
                    },
                    {
                        "id": 588,
                        "createdDate": null,
                        "lastModifiedDate": null,
                        "version": null,
                        "exerciseId": null,
                        "option": "D",
                        "content": "整数、二进制、复数",
                        "answer": false
                    }
                ],
                "titleScore": 1.00
            },
            {
                "id": 327,
                "createdDate": null,
                "lastModifiedDate": null,
                "version": null,
                "content": "以下代码轴出结果是(>>>表示顶格书写)：>>>ls=[]>>>for m in  \"想念\"：for n in\"家人\": ls.append(m+n)>>>print(ls)",
                "exerciseAnalysis": "",
                "type": "SINGLE_CHOICE",
                "schoolId": null,
                "subjectId": null,
                "score": null,
                "complexity": null,
                "beAdopted": null,
                "enabled": null,
                "userExercise": null,
                "singleChoices": [
                    {
                        "id": 589,
                        "createdDate": null,
                        "lastModifiedDate": null,
                        "version": null,
                        "exerciseId": null,
                        "option": "A",
                        "content": "[\"想家\"，\"想人\"]",
                        "answer": false
                    },
                    {
                        "id": 590,
                        "createdDate": null,
                        "lastModifiedDate": null,
                        "version": null,
                        "exerciseId": null,
                        "option": "B",
                        "content": "[\"想想\"，\"念念\"，\"家家\"，\"人人\"]",
                        "answer": false
                    },
                    {
                        "id": 591,
                        "createdDate": null,
                        "lastModifiedDate": null,
                        "version": null,
                        "exerciseId": null,
                        "option": "C",
                        "content": "[\"想家想人念家念人\"]",
                        "answer": false
                    },
                    {
                        "id": 592,
                        "createdDate": null,
                        "lastModifiedDate": null,
                        "version": null,
                        "exerciseId": null,
                        "option": "D",
                        "content": "[\"想家\"，\"想人\"，\"念家\"，\"念人\"]",
                        "answer": true
                    }
                ],
                "titleScore": 1.00
            },
            {
                "id": 328,
                "createdDate": null,
                "lastModifiedDate": null,
                "version": null,
                "content": "想要执行读取一行文件的操作，我们可以使用哪个函数?",
                "exerciseAnalysis": "",
                "type": "SINGLE_CHOICE",
                "schoolId": null,
                "subjectId": null,
                "score": null,
                "complexity": null,
                "beAdopted": null,
                "enabled": null,
                "userExercise": null,
                "singleChoices": [
                    {
                        "id": 593,
                        "createdDate": null,
                        "lastModifiedDate": null,
                        "version": null,
                        "exerciseId": null,
                        "option": "A",
                        "content": "readtext",
                        "answer": false
                    },
                    {
                        "id": 594,
                        "createdDate": null,
                        "lastModifiedDate": null,
                        "version": null,
                        "exerciseId": null,
                        "option": "B",
                        "content": "readline",
                        "answer": true
                    },
                    {
                        "id": 595,
                        "createdDate": null,
                        "lastModifiedDate": null,
                        "version": null,
                        "exerciseId": null,
                        "option": "C",
                        "content": "readall",
                        "answer": false
                    },
                    {
                        "id": 596,
                        "createdDate": null,
                        "lastModifiedDate": null,
                        "version": null,
                        "exerciseId": null,
                        "option": "D",
                        "content": "read",
                        "answer": false
                    }
                ],
                "titleScore": 1.00
            },
            {
                "id": 329,
                "createdDate": null,
                "lastModifiedDate": null,
                "version": null,
                "content": "在Python语言中，包含矩阵运算的第三方库是?",
                "exerciseAnalysis": "",
                "type": "SINGLE_CHOICE",
                "schoolId": null,
                "subjectId": null,
                "score": null,
                "complexity": null,
                "beAdopted": null,
                "enabled": null,
                "userExercise": null,
                "singleChoices": [
                    {
                        "id": 597,
                        "createdDate": null,
                        "lastModifiedDate": null,
                        "version": null,
                        "exerciseId": null,
                        "option": "A",
                        "content": "numpy",
                        "answer": true
                    },
                    {
                        "id": 598,
                        "createdDate": null,
                        "lastModifiedDate": null,
                        "version": null,
                        "exerciseId": null,
                        "option": "B",
                        "content": "PyQt5",
                        "answer": false
                    },
                    {
                        "id": 599,
                        "createdDate": null,
                        "lastModifiedDate": null,
                        "version": null,
                        "exerciseId": null,
                        "option": "C",
                        "content": "wardcloud",
                        "answer": false
                    },
                    {
                        "id": 600,
                        "createdDate": null,
                        "lastModifiedDate": null,
                        "version": null,
                        "exerciseId": null,
                        "option": "D",
                        "content": "wxPython",
                        "answer": false
                    }
                ],
                "titleScore": 1.00
            },
            {
                "id": 330,
                "createdDate": null,
                "lastModifiedDate": null,
                "version": null,
                "content": "在Python语言中，能够处理图像的第三方库是?",
                "exerciseAnalysis": "",
                "type": "SINGLE_CHOICE",
                "schoolId": null,
                "subjectId": null,
                "score": null,
                "complexity": null,
                "beAdopted": null,
                "enabled": null,
                "userExercise": null,
                "singleChoices": [
                    {
                        "id": 601,
                        "createdDate": null,
                        "lastModifiedDate": null,
                        "version": null,
                        "exerciseId": null,
                        "option": "A",
                        "content": "pyinstaller",
                        "answer": false
                    },
                    {
                        "id": 602,
                        "createdDate": null,
                        "lastModifiedDate": null,
                        "version": null,
                        "exerciseId": null,
                        "option": "B",
                        "content": "pyserial",
                        "answer": false
                    },
                    {
                        "id": 603,
                        "createdDate": null,
                        "lastModifiedDate": null,
                        "version": null,
                        "exerciseId": null,
                        "option": "C",
                        "content": "pygame",
                        "answer": false
                    },
                    {
                        "id": 604,
                        "createdDate": null,
                        "lastModifiedDate": null,
                        "version": null,
                        "exerciseId": null,
                        "option": "D",
                        "content": "PIL",
                        "answer": true
                    }
                ],
                "titleScore": 1.00
            },
            {
                "id": 331,
                "createdDate": null,
                "lastModifiedDate": null,
                "version": null,
                "content": "表达式int(\"100/3\")的执行结果是?",
                "exerciseAnalysis": "",
                "type": "SINGLE_CHOICE",
                "schoolId": null,
                "subjectId": null,
                "score": null,
                "complexity": null,
                "beAdopted": null,
                "enabled": null,
                "userExercise": null,
                "singleChoices": [
                    {
                        "id": 605,
                        "createdDate": null,
                        "lastModifiedDate": null,
                        "version": null,
                        "exerciseId": null,
                        "option": "A",
                        "content": "33.3",
                        "answer": false
                    },
                    {
                        "id": 606,
                        "createdDate": null,
                        "lastModifiedDate": null,
                        "version": null,
                        "exerciseId": null,
                        "option": "B",
                        "content": "ValueError",
                        "answer": true
                    },
                    {
                        "id": 607,
                        "createdDate": null,
                        "lastModifiedDate": null,
                        "version": null,
                        "exerciseId": null,
                        "option": "C",
                        "content": "33",
                        "answer": false
                    },
                    {
                        "id": 608,
                        "createdDate": null,
                        "lastModifiedDate": null,
                        "version": null,
                        "exerciseId": null,
                        "option": "D",
                        "content": "\"100/3\"",
                        "answer": false
                    }
                ],
                "titleScore": 1.00
            },
            {
                "id": 332,
                "createdDate": null,
                "lastModifiedDate": null,
                "version": null,
                "content": "以下语句的执行结果是(>>>表示顶格书写):>>>import random>>>prin（type(random.random())",
                "exerciseAnalysis": "",
                "type": "SINGLE_CHOICE",
                "schoolId": null,
                "subjectId": null,
                "score": null,
                "complexity": null,
                "beAdopted": null,
                "enabled": null,
                "userExercise": null,
                "singleChoices": [
                    {
                        "id": 609,
                        "createdDate": null,
                        "lastModifiedDate": null,
                        "version": null,
                        "exerciseId": null,
                        "option": "A",
                        "content": "<class \"str\">",
                        "answer": false
                    },
                    {
                        "id": 610,
                        "createdDate": null,
                        "lastModifiedDate": null,
                        "version": null,
                        "exerciseId": null,
                        "option": "B",
                        "content": "<class \"int\">",
                        "answer": false
                    },
                    {
                        "id": 611,
                        "createdDate": null,
                        "lastModifiedDate": null,
                        "version": null,
                        "exerciseId": null,
                        "option": "C",
                        "content": "< class \"float\">",
                        "answer": false
                    },
                    {
                        "id": 612,
                        "createdDate": null,
                        "lastModifiedDate": null,
                        "version": null,
                        "exerciseId": null,
                        "option": "D",
                        "content": "SyntaxError",
                        "answer": true
                    }
                ],
                "titleScore": 1.00
            },
            {
                "id": 333,
                "createdDate": null,
                "lastModifiedDate": null,
                "version": null,
                "content": "以下语句的执行结果是(>>>表示顶格书写):>>lss=\"ab\">>>print（\"{：->4}\". join(lss))",
                "exerciseAnalysis": "",
                "type": "SINGLE_CHOICE",
                "schoolId": null,
                "subjectId": null,
                "score": null,
                "complexity": null,
                "beAdopted": null,
                "enabled": null,
                "userExercise": null,
                "singleChoices": [
                    {
                        "id": 613,
                        "createdDate": null,
                        "lastModifiedDate": null,
                        "version": null,
                        "exerciseId": null,
                        "option": "A",
                        "content": "a{:->4}b",
                        "answer": true
                    },
                    {
                        "id": 614,
                        "createdDate": null,
                        "lastModifiedDate": null,
                        "version": null,
                        "exerciseId": null,
                        "option": "B",
                        "content": "ab",
                        "answer": false
                    },
                    {
                        "id": 615,
                        "createdDate": null,
                        "lastModifiedDate": null,
                        "version": null,
                        "exerciseId": null,
                        "option": "C",
                        "content": "--ab",
                        "answer": false
                    },
                    {
                        "id": 616,
                        "createdDate": null,
                        "lastModifiedDate": null,
                        "version": null,
                        "exerciseId": null,
                        "option": "D",
                        "content": "ab--",
                        "answer": false
                    }
                ],
                "titleScore": 1.00
            },
            {
                "id": 334,
                "createdDate": null,
                "lastModifiedDate": null,
                "version": null,
                "content": "以下方法不是Python文件操作的选项是?",
                "exerciseAnalysis": "",
                "type": "SINGLE_CHOICE",
                "schoolId": null,
                "subjectId": null,
                "score": null,
                "complexity": null,
                "beAdopted": null,
                "enabled": null,
                "userExercise": null,
                "singleChoices": [
                    {
                        "id": 617,
                        "createdDate": null,
                        "lastModifiedDate": null,
                        "version": null,
                        "exerciseId": null,
                        "option": "A",
                        "content": "copy()",
                        "answer": true
                    },
                    {
                        "id": 618,
                        "createdDate": null,
                        "lastModifiedDate": null,
                        "version": null,
                        "exerciseId": null,
                        "option": "B",
                        "content": "read()",
                        "answer": false
                    },
                    {
                        "id": 619,
                        "createdDate": null,
                        "lastModifiedDate": null,
                        "version": null,
                        "exerciseId": null,
                        "option": "C",
                        "content": "open()",
                        "answer": false
                    },
                    {
                        "id": 620,
                        "createdDate": null,
                        "lastModifiedDate": null,
                        "version": null,
                        "exerciseId": null,
                        "option": "D",
                        "content": "write()",
                        "answer": false
                    }
                ],
                "titleScore": 1.00
            },
            {
                "id": 335,
                "createdDate": null,
                "lastModifiedDate": null,
                "version": null,
                "content": "turtle库控制颜色的函数是?",
                "exerciseAnalysis": "",
                "type": "SINGLE_CHOICE",
                "schoolId": null,
                "subjectId": null,
                "score": null,
                "complexity": null,
                "beAdopted": null,
                "enabled": null,
                "userExercise": null,
                "singleChoices": [
                    {
                        "id": 621,
                        "createdDate": null,
                        "lastModifiedDate": null,
                        "version": null,
                        "exerciseId": null,
                        "option": "A",
                        "content": "right()",
                        "answer": false
                    },
                    {
                        "id": 622,
                        "createdDate": null,
                        "lastModifiedDate": null,
                        "version": null,
                        "exerciseId": null,
                        "option": "B",
                        "content": "pendown()",
                        "answer": false
                    },
                    {
                        "id": 623,
                        "createdDate": null,
                        "lastModifiedDate": null,
                        "version": null,
                        "exerciseId": null,
                        "option": "C",
                        "content": "goto()",
                        "answer": false
                    },
                    {
                        "id": 624,
                        "createdDate": null,
                        "lastModifiedDate": null,
                        "version": null,
                        "exerciseId": null,
                        "option": "D",
                        "content": "pencolor()",
                        "answer": true
                    }
                ],
                "titleScore": 1.00
            },
            {
                "id": 336,
                "createdDate": null,
                "lastModifiedDate": null,
                "version": null,
                "content": "以下不属于Python的内置函数的是?",
                "exerciseAnalysis": "",
                "type": "SINGLE_CHOICE",
                "schoolId": null,
                "subjectId": null,
                "score": null,
                "complexity": null,
                "beAdopted": null,
                "enabled": null,
                "userExercise": null,
                "singleChoices": [
                    {
                        "id": 625,
                        "createdDate": null,
                        "lastModifiedDate": null,
                        "version": null,
                        "exerciseId": null,
                        "option": "A",
                        "content": "import()",
                        "answer": true
                    },
                    {
                        "id": 626,
                        "createdDate": null,
                        "lastModifiedDate": null,
                        "version": null,
                        "exerciseId": null,
                        "option": "B",
                        "content": "imput()",
                        "answer": false
                    },
                    {
                        "id": 627,
                        "createdDate": null,
                        "lastModifiedDate": null,
                        "version": null,
                        "exerciseId": null,
                        "option": "C",
                        "content": "abs()",
                        "answer": false
                    },
                    {
                        "id": 628,
                        "createdDate": null,
                        "lastModifiedDate": null,
                        "version": null,
                        "exerciseId": null,
                        "option": "D",
                        "content": "sum()",
                        "answer": false
                    }
                ],
                "titleScore": 1.00
            },
            {
                "id": 337,
                "createdDate": null,
                "lastModifiedDate": null,
                "version": null,
                "content": "以下不属于数值运算操作符的是?",
                "exerciseAnalysis": "",
                "type": "SINGLE_CHOICE",
                "schoolId": null,
                "subjectId": null,
                "score": null,
                "complexity": null,
                "beAdopted": null,
                "enabled": null,
                "userExercise": null,
                "singleChoices": [
                    {
                        "id": 629,
                        "createdDate": null,
                        "lastModifiedDate": null,
                        "version": null,
                        "exerciseId": null,
                        "option": "A",
                        "content": "$",
                        "answer": true
                    },
                    {
                        "id": 630,
                        "createdDate": null,
                        "lastModifiedDate": null,
                        "version": null,
                        "exerciseId": null,
                        "option": "B",
                        "content": "**",
                        "answer": false
                    },
                    {
                        "id": 631,
                        "createdDate": null,
                        "lastModifiedDate": null,
                        "version": null,
                        "exerciseId": null,
                        "option": "C",
                        "content": "/",
                        "answer": false
                    },
                    {
                        "id": 632,
                        "createdDate": null,
                        "lastModifiedDate": null,
                        "version": null,
                        "exerciseId": null,
                        "option": "D",
                        "content": "*",
                        "answer": false
                    }
                ],
                "titleScore": 1.00
            },
            {
                "id": 338,
                "createdDate": null,
                "lastModifiedDate": null,
                "version": null,
                "content": "5=\"1234567890\"，以下那种表示形式可以从s中获得切片\"1234\"?",
                "exerciseAnalysis": "",
                "type": "SINGLE_CHOICE",
                "schoolId": null,
                "subjectId": null,
                "score": null,
                "complexity": null,
                "beAdopted": null,
                "enabled": null,
                "userExercise": null,
                "singleChoices": [
                    {
                        "id": 633,
                        "createdDate": null,
                        "lastModifiedDate": null,
                        "version": null,
                        "exerciseId": null,
                        "option": "A",
                        "content": "s[1:5]",
                        "answer": false
                    },
                    {
                        "id": 634,
                        "createdDate": null,
                        "lastModifiedDate": null,
                        "version": null,
                        "exerciseId": null,
                        "option": "B",
                        "content": "s[0:3]",
                        "answer": false
                    },
                    {
                        "id": 635,
                        "createdDate": null,
                        "lastModifiedDate": null,
                        "version": null,
                        "exerciseId": null,
                        "option": "C",
                        "content": "s[-10:-5]",
                        "answer": false
                    },
                    {
                        "id": 636,
                        "createdDate": null,
                        "lastModifiedDate": null,
                        "version": null,
                        "exerciseId": null,
                        "option": "D",
                        "content": "s[0:4]",
                        "answer": true
                    }
                ],
                "titleScore": 1.00
            }
        ],
        "multipleChoices": [
            {
                "id": 339,
                "createdDate": null,
                "lastModifiedDate": null,
                "version": null,
                "content": "以下选项中哪些是元组类型的数据?",
                "exerciseAnalysis": "",
                "type": "MULTIPLE_CHOICE",
                "schoolId": null,
                "subjectId": null,
                "score": null,
                "complexity": null,
                "beAdopted": null,
                "enabled": null,
                "multipleChoices": [
                    {
                        "id": 241,
                        "createdDate": null,
                        "lastModifiedDate": null,
                        "version": null,
                        "exerciseId": null,
                        "option": "A",
                        "content": "(2,3)",
                        "answer": true
                    },
                    {
                        "id": 242,
                        "createdDate": null,
                        "lastModifiedDate": null,
                        "version": null,
                        "exerciseId": null,
                        "option": "B",
                        "content": "（\"a\",3,\"b\")",
                        "answer": true
                    },
                    {
                        "id": 243,
                        "createdDate": null,
                        "lastModifiedDate": null,
                        "version": null,
                        "exerciseId": null,
                        "option": "C",
                        "content": "(5,)",
                        "answer": true
                    },
                    {
                        "id": 244,
                        "createdDate": null,
                        "lastModifiedDate": null,
                        "version": null,
                        "exerciseId": null,
                        "option": "D",
                        "content": "((7.8)）",
                        "answer": true
                    }
                ],
                "userExercise": null,
                "titleScore": 4.00
            },
            {
                "id": 340,
                "createdDate": null,
                "lastModifiedDate": null,
                "version": null,
                "content": "在组合类型中，无序序列包括?",
                "exerciseAnalysis": "",
                "type": "MULTIPLE_CHOICE",
                "schoolId": null,
                "subjectId": null,
                "score": null,
                "complexity": null,
                "beAdopted": null,
                "enabled": null,
                "multipleChoices": [
                    {
                        "id": 245,
                        "createdDate": null,
                        "lastModifiedDate": null,
                        "version": null,
                        "exerciseId": null,
                        "option": "A",
                        "content": "列表",
                        "answer": false
                    },
                    {
                        "id": 246,
                        "createdDate": null,
                        "lastModifiedDate": null,
                        "version": null,
                        "exerciseId": null,
                        "option": "B",
                        "content": "集合",
                        "answer": true
                    },
                    {
                        "id": 247,
                        "createdDate": null,
                        "lastModifiedDate": null,
                        "version": null,
                        "exerciseId": null,
                        "option": "C",
                        "content": "元组",
                        "answer": false
                    },
                    {
                        "id": 248,
                        "createdDate": null,
                        "lastModifiedDate": null,
                        "version": null,
                        "exerciseId": null,
                        "option": "D",
                        "content": "字符集",
                        "answer": false
                    },
                    {
                        "id": 249,
                        "createdDate": null,
                        "lastModifiedDate": null,
                        "version": null,
                        "exerciseId": null,
                        "option": "E",
                        "content": "字典",
                        "answer": true
                    }
                ],
                "userExercise": null,
                "titleScore": 4.00
            },
            {
                "id": 341,
                "createdDate": null,
                "lastModifiedDate": null,
                "version": null,
                "content": "下列描述中，对函数的优点描述正确的是?",
                "exerciseAnalysis": "",
                "type": "MULTIPLE_CHOICE",
                "schoolId": null,
                "subjectId": null,
                "score": null,
                "complexity": null,
                "beAdopted": null,
                "enabled": null,
                "multipleChoices": [
                    {
                        "id": 250,
                        "createdDate": null,
                        "lastModifiedDate": null,
                        "version": null,
                        "exerciseId": null,
                        "option": "A",
                        "content": "函数可以表现程序的复杂度",
                        "answer": false
                    },
                    {
                        "id": 251,
                        "createdDate": null,
                        "lastModifiedDate": null,
                        "version": null,
                        "exerciseId": null,
                        "option": "B",
                        "content": "函数可以使程序更加模块化",
                        "answer": true
                    },
                    {
                        "id": 252,
                        "createdDate": null,
                        "lastModifiedDate": null,
                        "version": null,
                        "exerciseId": null,
                        "option": "C",
                        "content": "函数可以减少代码使用次数",
                        "answer": false
                    },
                    {
                        "id": 253,
                        "createdDate": null,
                        "lastModifiedDate": null,
                        "version": null,
                        "exerciseId": null,
                        "option": "D",
                        "content": "函数便于书写",
                        "answer": false
                    },
                    {
                        "id": 254,
                        "createdDate": null,
                        "lastModifiedDate": null,
                        "version": null,
                        "exerciseId": null,
                        "option": "E",
                        "content": "函数便于调用",
                        "answer": true
                    }
                ],
                "userExercise": null,
                "titleScore": 4.00
            },
            {
                "id": 342,
                "createdDate": null,
                "lastModifiedDate": null,
                "version": null,
                "content": "以下属于Python语言特点的是?",
                "exerciseAnalysis": "",
                "type": "MULTIPLE_CHOICE",
                "schoolId": null,
                "subjectId": null,
                "score": null,
                "complexity": null,
                "beAdopted": null,
                "enabled": null,
                "multipleChoices": [
                    {
                        "id": 255,
                        "createdDate": null,
                        "lastModifiedDate": null,
                        "version": null,
                        "exerciseId": null,
                        "option": "A",
                        "content": "编翻译型语言",
                        "answer": false
                    },
                    {
                        "id": 256,
                        "createdDate": null,
                        "lastModifiedDate": null,
                        "version": null,
                        "exerciseId": null,
                        "option": "B",
                        "content": "开源理念",
                        "answer": true
                    },
                    {
                        "id": 257,
                        "createdDate": null,
                        "lastModifiedDate": null,
                        "version": null,
                        "exerciseId": null,
                        "option": "C",
                        "content": "跨平台",
                        "answer": true
                    },
                    {
                        "id": 258,
                        "createdDate": null,
                        "lastModifiedDate": null,
                        "version": null,
                        "exerciseId": null,
                        "option": "D",
                        "content": "面向过程",
                        "answer": false
                    }
                ],
                "userExercise": null,
                "titleScore": 4.00
            },
            {
                "id": 343,
                "createdDate": null,
                "lastModifiedDate": null,
                "version": null,
                "content": "以下属于Python的pip工具功能的是?",
                "exerciseAnalysis": "",
                "type": "MULTIPLE_CHOICE",
                "schoolId": null,
                "subjectId": null,
                "score": null,
                "complexity": null,
                "beAdopted": null,
                "enabled": null,
                "multipleChoices": [
                    {
                        "id": 259,
                        "createdDate": null,
                        "lastModifiedDate": null,
                        "version": null,
                        "exerciseId": null,
                        "option": "A",
                        "content": "下载安装第三方库",
                        "answer": true
                    },
                    {
                        "id": 260,
                        "createdDate": null,
                        "lastModifiedDate": null,
                        "version": null,
                        "exerciseId": null,
                        "option": "B",
                        "content": "对库进行基本的管理和维护",
                        "answer": true
                    },
                    {
                        "id": 261,
                        "createdDate": null,
                        "lastModifiedDate": null,
                        "version": null,
                        "exerciseId": null,
                        "option": "C",
                        "content": "卸载已经安装的库",
                        "answer": true
                    },
                    {
                        "id": 262,
                        "createdDate": null,
                        "lastModifiedDate": null,
                        "version": null,
                        "exerciseId": null,
                        "option": "D",
                        "content": "查找已经安装的库",
                        "answer": true
                    }
                ],
                "userExercise": null,
                "titleScore": 4.00
            }
        ],
        "judges": [
            {
                "id": 344,
                "createdDate": null,
                "lastModifiedDate": null,
                "version": null,
                "content": "在函数内部可以通global关键字声明或定义全局变量",
                "exerciseAnalysis": "",
                "type": "JUDGE",
                "schoolId": null,
                "subjectId": null,
                "score": null,
                "complexity": null,
                "beAdopted": null,
                "enabled": null,
                "userExercise": null,
                "judge": {
                    "id": null,
                    "createdDate": null,
                    "lastModifiedDate": null,
                    "version": null,
                    "exerciseId": null,
                    "correct": true
                },
                "titleScore": 6.00
            },
            {
                "id": 345,
                "createdDate": null,
                "lastModifiedDate": null,
                "version": null,
                "content": "元组是可变的数据类型",
                "exerciseAnalysis": "",
                "type": "JUDGE",
                "schoolId": null,
                "subjectId": null,
                "score": null,
                "complexity": null,
                "beAdopted": null,
                "enabled": null,
                "userExercise": null,
                "judge": {
                    "id": null,
                    "createdDate": null,
                    "lastModifiedDate": null,
                    "version": null,
                    "exerciseId": null,
                    "correct": false
                },
                "titleScore": 6.00
            },
            {
                "id": 346,
                "createdDate": null,
                "lastModifiedDate": null,
                "version": null,
                "content": "使用dict()函数可以将目标类型转换为字典类型",
                "exerciseAnalysis": "",
                "type": "JUDGE",
                "schoolId": null,
                "subjectId": null,
                "score": null,
                "complexity": null,
                "beAdopted": null,
                "enabled": null,
                "userExercise": null,
                "judge": {
                    "id": null,
                    "createdDate": null,
                    "lastModifiedDate": null,
                    "version": null,
                    "exerciseId": null,
                    "correct": true
                },
                "titleScore": 6.00
            },
            {
                "id": 347,
                "createdDate": null,
                "lastModifiedDate": null,
                "version": null,
                "content": "编译是将代码全部转换成目标代码最后在运行目标代码的过程",
                "exerciseAnalysis": "",
                "type": "JUDGE",
                "schoolId": null,
                "subjectId": null,
                "score": null,
                "complexity": null,
                "beAdopted": null,
                "enabled": null,
                "userExercise": null,
                "judge": {
                    "id": null,
                    "createdDate": null,
                    "lastModifiedDate": null,
                    "version": null,
                    "exerciseId": null,
                    "correct": true
                },
                "titleScore": 6.00
            },
            {
                "id": 348,
                "createdDate": null,
                "lastModifiedDate": null,
                "version": null,
                "content": "程序异常属于python的程序控制结构",
                "exerciseAnalysis": "",
                "type": "JUDGE",
                "schoolId": null,
                "subjectId": null,
                "score": null,
                "complexity": null,
                "beAdopted": null,
                "enabled": null,
                "userExercise": null,
                "judge": {
                    "id": null,
                    "createdDate": null,
                    "lastModifiedDate": null,
                    "version": null,
                    "exerciseId": null,
                    "correct": true
                },
                "titleScore": 6.00
            },
            {
                "id": 349,
                "createdDate": null,
                "lastModifiedDate": null,
                "version": null,
                "content": "所有的for分支都可以用while循环改写",
                "exerciseAnalysis": "",
                "type": "JUDGE",
                "schoolId": null,
                "subjectId": null,
                "score": null,
                "complexity": null,
                "beAdopted": null,
                "enabled": null,
                "userExercise": null,
                "judge": {
                    "id": null,
                    "createdDate": null,
                    "lastModifiedDate": null,
                    "version": null,
                    "exerciseId": null,
                    "correct": true
                },
                "titleScore": 6.00
            },
            {
                "id": 350,
                "createdDate": null,
                "lastModifiedDate": null,
                "version": null,
                "content": "在程序中使用continue可以停止后续代码的执行，从循环的开头重新开始",
                "exerciseAnalysis": "",
                "type": "JUDGE",
                "schoolId": null,
                "subjectId": null,
                "score": null,
                "complexity": null,
                "beAdopted": null,
                "enabled": null,
                "userExercise": null,
                "judge": {
                    "id": null,
                    "createdDate": null,
                    "lastModifiedDate": null,
                    "version": null,
                    "exerciseId": null,
                    "correct": true
                },
                "titleScore": 6.00
            },
            {
                "id": 351,
                "createdDate": null,
                "lastModifiedDate": null,
                "version": null,
                "content": "以\"r\"方式打开一个文件之后，我们可以对文件进行写操作",
                "exerciseAnalysis": "",
                "type": "JUDGE",
                "schoolId": null,
                "subjectId": null,
                "score": null,
                "complexity": null,
                "beAdopted": null,
                "enabled": null,
                "userExercise": null,
                "judge": {
                    "id": null,
                    "createdDate": null,
                    "lastModifiedDate": null,
                    "version": null,
                    "exerciseId": null,
                    "correct": false
                },
                "titleScore": 6.00
            },
            {
                "id": 352,
                "createdDate": null,
                "lastModifiedDate": null,
                "version": null,
                "content": "csv文件里用英文半角逗号来分隔数据元素",
                "exerciseAnalysis": "",
                "type": "JUDGE",
                "schoolId": null,
                "subjectId": null,
                "score": null,
                "complexity": null,
                "beAdopted": null,
                "enabled": null,
                "userExercise": null,
                "judge": {
                    "id": null,
                    "createdDate": null,
                    "lastModifiedDate": null,
                    "version": null,
                    "exerciseId": null,
                    "correct": true
                },
                "titleScore": 6.00
            }
        ],
        "shortAnswerVOS": [],
        "completionVOS": [],
        "uncertainChoiceVOS": [],
        "scoreRulesCompletion": null,
        "scoreRulesShortAnswer": null,
        "scoreRulesJudges": {
            "id": 119,
            "createdDate": "2022-10-18T14:43:15",
            "lastModifiedDate": "2022-10-18T14:43:15",
            "version": 1,
            "examinationId": 65,
            "questionType": "JUDGE",
            "score": 6.00,
            "topicNumber": 9,
            "totalPoints": 54.00,
            "numberBlank": 0,
            "scoreSort": 4,
            "setMethod": "BATCH_SETTING"
        },
        "scoreRulesUncertainChoice": null,
        "scoreRulesSingleChoices": {
            "id": 117,
            "createdDate": "2022-10-18T14:43:15",
            "lastModifiedDate": "2022-10-18T14:43:15",
            "version": 1,
            "examinationId": 65,
            "questionType": "SINGLE_CHOICE",
            "score": 1.00,
            "topicNumber": 26,
            "totalPoints": 26.00,
            "numberBlank": 0,
            "scoreSort": 1,
            "setMethod": "BATCH_SETTING"
        },
        "scoreRulesMultipleChoices": {
            "id": 118,
            "createdDate": "2022-10-18T14:43:15",
            "lastModifiedDate": "2022-10-18T14:43:15",
            "version": 1,
            "examinationId": 65,
            "questionType": "MULTIPLE_CHOICE",
            "score": 4.00,
            "topicNumber": 5,
            "totalPoints": 20.00,
            "numberBlank": 0,
            "scoreSort": 2,
            "setMethod": "BATCH_SETTING"
        }
    }
}