{
    "data": {
        "singleChoices": [
            {
                "id": 460,
                "createdDate": null,
                "lastModifiedDate": null,
                "version": null,
                "content": "在循环神经网络简洁实现中，我们执行了一个操作:不断地将隐状态传递到下一个时间步，但是不生成任何输出。这一阶段被称为___________。",
                "exerciseAnalysis": "",
                "type": "SINGLE_CHOICE",
                "schoolId": null,
                "subjectId": null,
                "score": null,
                "complexity": null,
                "beAdopted": null,
                "enabled": null,
                "userExercise": null,
                "singleChoices": [
                    {
                        "id": 820,
                        "createdDate": null,
                        "lastModifiedDate": null,
                        "version": null,
                        "exerciseId": null,
                        "option": "A",
                        "content": "更新期",
                        "answer": false
                    },
                    {
                        "id": 821,
                        "createdDate": null,
                        "lastModifiedDate": null,
                        "version": null,
                        "exerciseId": null,
                        "option": "B",
                        "content": "传递期",
                        "answer": false
                    },
                    {
                        "id": 822,
                        "createdDate": null,
                        "lastModifiedDate": null,
                        "version": null,
                        "exerciseId": null,
                        "option": "C",
                        "content": "预测期",
                        "answer": false
                    },
                    {
                        "id": 823,
                        "createdDate": null,
                        "lastModifiedDate": null,
                        "version": null,
                        "exerciseId": null,
                        "option": "D",
                        "content": "预热期",
                        "answer": true
                    }
                ],
                "titleScore": 5.00
            },
            {
                "id": 461,
                "createdDate": null,
                "lastModifiedDate": null,
                "version": null,
                "content": "我们可以使用_________来评价语言模型的质量。",
                "exerciseAnalysis": "",
                "type": "SINGLE_CHOICE",
                "schoolId": null,
                "subjectId": null,
                "score": null,
                "complexity": null,
                "beAdopted": null,
                "enabled": null,
                "userExercise": null,
                "singleChoices": [
                    {
                        "id": 824,
                        "createdDate": null,
                        "lastModifiedDate": null,
                        "version": null,
                        "exerciseId": null,
                        "option": "A",
                        "content": "归一化",
                        "answer": false
                    },
                    {
                        "id": 825,
                        "createdDate": null,
                        "lastModifiedDate": null,
                        "version": null,
                        "exerciseId": null,
                        "option": "B",
                        "content": "困惑度",
                        "answer": true
                    },
                    {
                        "id": 826,
                        "createdDate": null,
                        "lastModifiedDate": null,
                        "version": null,
                        "exerciseId": null,
                        "option": "C",
                        "content": "交叉熵损失",
                        "answer": false
                    },
                    {
                        "id": 827,
                        "createdDate": null,
                        "lastModifiedDate": null,
                        "version": null,
                        "exerciseId": null,
                        "option": "D",
                        "content": "均方误差",
                        "answer": false
                    }
                ],
                "titleScore": 5.00
            },
            {
                "id": 462,
                "createdDate": null,
                "lastModifiedDate": null,
                "version": null,
                "content": "如果有足够多的神经元，展数和训练迭代周期，模型最终可以在训练集上达到完美的精度，但此时测试集的准确性却下降了。这一现象被称为____。",
                "exerciseAnalysis": "",
                "type": "SINGLE_CHOICE",
                "schoolId": null,
                "subjectId": null,
                "score": null,
                "complexity": null,
                "beAdopted": null,
                "enabled": null,
                "userExercise": null,
                "singleChoices": [
                    {
                        "id": 828,
                        "createdDate": null,
                        "lastModifiedDate": null,
                        "version": null,
                        "exerciseId": null,
                        "option": "A",
                        "content": "过拟合",
                        "answer": true
                    },
                    {
                        "id": 829,
                        "createdDate": null,
                        "lastModifiedDate": null,
                        "version": null,
                        "exerciseId": null,
                        "option": "B",
                        "content": "正则化",
                        "answer": false
                    },
                    {
                        "id": 830,
                        "createdDate": null,
                        "lastModifiedDate": null,
                        "version": null,
                        "exerciseId": null,
                        "option": "C",
                        "content": "暂退",
                        "answer": false
                    },
                    {
                        "id": 831,
                        "createdDate": null,
                        "lastModifiedDate": null,
                        "version": null,
                        "exerciseId": null,
                        "option": "D",
                        "content": "欠拟合",
                        "answer": false
                    }
                ],
                "titleScore": 5.00
            },
            {
                "id": 463,
                "createdDate": null,
                "lastModifiedDate": null,
                "version": null,
                "content": "在卷积神经网络部分，为了使框架能够自动推断参数形状，使修改模型架构变得容易，我们通常不直接指定初始化参数，这一方法被称为_____。",
                "exerciseAnalysis": "",
                "type": "SINGLE_CHOICE",
                "schoolId": null,
                "subjectId": null,
                "score": null,
                "complexity": null,
                "beAdopted": null,
                "enabled": null,
                "userExercise": null,
                "singleChoices": [
                    {
                        "id": 832,
                        "createdDate": null,
                        "lastModifiedDate": null,
                        "version": null,
                        "exerciseId": null,
                        "option": "A",
                        "content": "前置初始化",
                        "answer": false
                    },
                    {
                        "id": 833,
                        "createdDate": null,
                        "lastModifiedDate": null,
                        "version": null,
                        "exerciseId": null,
                        "option": "B",
                        "content": "延后初始化",
                        "answer": true
                    },
                    {
                        "id": 834,
                        "createdDate": null,
                        "lastModifiedDate": null,
                        "version": null,
                        "exerciseId": null,
                        "option": "C",
                        "content": "更新初始化",
                        "answer": false
                    },
                    {
                        "id": 835,
                        "createdDate": null,
                        "lastModifiedDate": null,
                        "version": null,
                        "exerciseId": null,
                        "option": "D",
                        "content": "预设初始化",
                        "answer": false
                    }
                ],
                "titleScore": 5.00
            },
            {
                "id": 464,
                "createdDate": null,
                "lastModifiedDate": null,
                "version": null,
                "content": "AlexNet使用的激活函数为?",
                "exerciseAnalysis": "",
                "type": "SINGLE_CHOICE",
                "schoolId": null,
                "subjectId": null,
                "score": null,
                "complexity": null,
                "beAdopted": null,
                "enabled": null,
                "userExercise": null,
                "singleChoices": [
                    {
                        "id": 836,
                        "createdDate": null,
                        "lastModifiedDate": null,
                        "version": null,
                        "exerciseId": null,
                        "option": "A",
                        "content": "sigmoid",
                        "answer": false
                    },
                    {
                        "id": 837,
                        "createdDate": null,
                        "lastModifiedDate": null,
                        "version": null,
                        "exerciseId": null,
                        "option": "B",
                        "content": "softmax",
                        "answer": false
                    },
                    {
                        "id": 838,
                        "createdDate": null,
                        "lastModifiedDate": null,
                        "version": null,
                        "exerciseId": null,
                        "option": "C",
                        "content": "ReLU",
                        "answer": true
                    },
                    {
                        "id": 839,
                        "createdDate": null,
                        "lastModifiedDate": null,
                        "version": null,
                        "exerciseId": null,
                        "option": "D",
                        "content": "Tanh",
                        "answer": false
                    }
                ],
                "titleScore": 5.00
            },
            {
                "id": 465,
                "createdDate": null,
                "lastModifiedDate": null,
                "version": null,
                "content": "LeNet是最早发布的卷积神经网络之一，先使用卷积层学习图片空间信息，然后使用____来转换到类别空间。",
                "exerciseAnalysis": "",
                "type": "SINGLE_CHOICE",
                "schoolId": null,
                "subjectId": null,
                "score": null,
                "complexity": null,
                "beAdopted": null,
                "enabled": null,
                "userExercise": null,
                "singleChoices": [
                    {
                        "id": 840,
                        "createdDate": null,
                        "lastModifiedDate": null,
                        "version": null,
                        "exerciseId": null,
                        "option": "A",
                        "content": "池化层",
                        "answer": false
                    },
                    {
                        "id": 841,
                        "createdDate": null,
                        "lastModifiedDate": null,
                        "version": null,
                        "exerciseId": null,
                        "option": "B",
                        "content": "全连接层",
                        "answer": true
                    },
                    {
                        "id": 842,
                        "createdDate": null,
                        "lastModifiedDate": null,
                        "version": null,
                        "exerciseId": null,
                        "option": "C",
                        "content": "汇聚层",
                        "answer": false
                    },
                    {
                        "id": 843,
                        "createdDate": null,
                        "lastModifiedDate": null,
                        "version": null,
                        "exerciseId": null,
                        "option": "D",
                        "content": "卷积展",
                        "answer": false
                    }
                ],
                "titleScore": 5.00
            },
            {
                "id": 466,
                "createdDate": null,
                "lastModifiedDate": null,
                "version": null,
                "content": "7.\tAlexNet通过_________方法有效的控制了全连接层的模型复杂度。",
                "exerciseAnalysis": "",
                "type": "SINGLE_CHOICE",
                "schoolId": null,
                "subjectId": null,
                "score": null,
                "complexity": null,
                "beAdopted": null,
                "enabled": null,
                "userExercise": null,
                "singleChoices": [
                    {
                        "id": 844,
                        "createdDate": null,
                        "lastModifiedDate": null,
                        "version": null,
                        "exerciseId": null,
                        "option": "A",
                        "content": "权重衰减",
                        "answer": false
                    },
                    {
                        "id": 845,
                        "createdDate": null,
                        "lastModifiedDate": null,
                        "version": null,
                        "exerciseId": null,
                        "option": "B",
                        "content": "BN",
                        "answer": false
                    },
                    {
                        "id": 846,
                        "createdDate": null,
                        "lastModifiedDate": null,
                        "version": null,
                        "exerciseId": null,
                        "option": "C",
                        "content": "Dropout",
                        "answer": true
                    },
                    {
                        "id": 847,
                        "createdDate": null,
                        "lastModifiedDate": null,
                        "version": null,
                        "exerciseId": null,
                        "option": "D",
                        "content": "梯度裁剪",
                        "answer": false
                    }
                ],
                "titleScore": 5.00
            },
            {
                "id": 467,
                "createdDate": null,
                "lastModifiedDate": null,
                "version": null,
                "content": "在GoogLeNet中，基本的卷积块称为__________。",
                "exerciseAnalysis": "",
                "type": "SINGLE_CHOICE",
                "schoolId": null,
                "subjectId": null,
                "score": null,
                "complexity": null,
                "beAdopted": null,
                "enabled": null,
                "userExercise": null,
                "singleChoices": [
                    {
                        "id": 848,
                        "createdDate": null,
                        "lastModifiedDate": null,
                        "version": null,
                        "exerciseId": null,
                        "option": "A",
                        "content": "NiN块",
                        "answer": false
                    },
                    {
                        "id": 849,
                        "createdDate": null,
                        "lastModifiedDate": null,
                        "version": null,
                        "exerciseId": null,
                        "option": "B",
                        "content": "残差块",
                        "answer": false
                    },
                    {
                        "id": 850,
                        "createdDate": null,
                        "lastModifiedDate": null,
                        "version": null,
                        "exerciseId": null,
                        "option": "C",
                        "content": "稠密块",
                        "answer": false
                    },
                    {
                        "id": 851,
                        "createdDate": null,
                        "lastModifiedDate": null,
                        "version": null,
                        "exerciseId": null,
                        "option": "D",
                        "content": "inception块",
                        "answer": true
                    }
                ],
                "titleScore": 5.00
            },
            {
                "id": 468,
                "createdDate": null,
                "lastModifiedDate": null,
                "version": null,
                "content": "DenseNet的主要构建模块是稠密块和_________。",
                "exerciseAnalysis": "",
                "type": "SINGLE_CHOICE",
                "schoolId": null,
                "subjectId": null,
                "score": null,
                "complexity": null,
                "beAdopted": null,
                "enabled": null,
                "userExercise": null,
                "singleChoices": [
                    {
                        "id": 852,
                        "createdDate": null,
                        "lastModifiedDate": null,
                        "version": null,
                        "exerciseId": null,
                        "option": "A",
                        "content": "过度层",
                        "answer": true
                    },
                    {
                        "id": 853,
                        "createdDate": null,
                        "lastModifiedDate": null,
                        "version": null,
                        "exerciseId": null,
                        "option": "B",
                        "content": "稠密层",
                        "answer": false
                    },
                    {
                        "id": 854,
                        "createdDate": null,
                        "lastModifiedDate": null,
                        "version": null,
                        "exerciseId": null,
                        "option": "C",
                        "content": "汇聚层",
                        "answer": false
                    },
                    {
                        "id": 855,
                        "createdDate": null,
                        "lastModifiedDate": null,
                        "version": null,
                        "exerciseId": null,
                        "option": "D",
                        "content": "卷积展",
                        "answer": false
                    }
                ],
                "titleScore": 5.00
            },
            {
                "id": 469,
                "createdDate": null,
                "lastModifiedDate": null,
                "version": null,
                "content": "在ResNet中，利用______可以训练出一个有效的深层神经网络:输入可以通过层间的残余连接更快地向前传播。",
                "exerciseAnalysis": "",
                "type": "SINGLE_CHOICE",
                "schoolId": null,
                "subjectId": null,
                "score": null,
                "complexity": null,
                "beAdopted": null,
                "enabled": null,
                "userExercise": null,
                "singleChoices": [
                    {
                        "id": 856,
                        "createdDate": null,
                        "lastModifiedDate": null,
                        "version": null,
                        "exerciseId": null,
                        "option": "A",
                        "content": "lnception块",
                        "answer": false
                    },
                    {
                        "id": 857,
                        "createdDate": null,
                        "lastModifiedDate": null,
                        "version": null,
                        "exerciseId": null,
                        "option": "B",
                        "content": "残差块",
                        "answer": true
                    },
                    {
                        "id": 858,
                        "createdDate": null,
                        "lastModifiedDate": null,
                        "version": null,
                        "exerciseId": null,
                        "option": "C",
                        "content": "NiN块",
                        "answer": false
                    },
                    {
                        "id": 859,
                        "createdDate": null,
                        "lastModifiedDate": null,
                        "version": null,
                        "exerciseId": null,
                        "option": "D",
                        "content": "1×1卷织层",
                        "answer": false
                    }
                ],
                "titleScore": 5.00
            },
            {
                "id": 470,
                "createdDate": null,
                "lastModifiedDate": null,
                "version": null,
                "content": "在VGG中，为什么选择带有3×3卷积核、填充为1的卷积层，而不是5×5卷积核、填充为2的卷积层呢?",
                "exerciseAnalysis": "",
                "type": "SINGLE_CHOICE",
                "schoolId": null,
                "subjectId": null,
                "score": null,
                "complexity": null,
                "beAdopted": null,
                "enabled": null,
                "userExercise": null,
                "singleChoices": [
                    {
                        "id": 860,
                        "createdDate": null,
                        "lastModifiedDate": null,
                        "version": null,
                        "exerciseId": null,
                        "option": "A",
                        "content": "两者没有什么区别，随机进择的结果",
                        "answer": false
                    },
                    {
                        "id": 861,
                        "createdDate": null,
                        "lastModifiedDate": null,
                        "version": null,
                        "exerciseId": null,
                        "option": "B",
                        "content": "因为前者可以保持输入和输出的高度和宽度不变",
                        "answer": false
                    },
                    {
                        "id": 862,
                        "createdDate": null,
                        "lastModifiedDate": null,
                        "version": null,
                        "exerciseId": null,
                        "option": "C",
                        "content": "因为前者训练参数更少，网络更深且窄",
                        "answer": true
                    },
                    {
                        "id": 863,
                        "createdDate": null,
                        "lastModifiedDate": null,
                        "version": null,
                        "exerciseId": null,
                        "option": "D",
                        "content": "因为后放在网络中看起来不够工整",
                        "answer": false
                    }
                ],
                "titleScore": 5.00
            }
        ],
        "multipleChoices": [
            {
                "id": 471,
                "createdDate": null,
                "lastModifiedDate": null,
                "version": null,
                "content": "超参数是在开始学习过程之前设置值的参数，而不是通过训练得到的参数数据。下列哪些属于超参数？",
                "exerciseAnalysis": "",
                "type": "MULTIPLE_CHOICE",
                "schoolId": null,
                "subjectId": null,
                "score": null,
                "complexity": null,
                "beAdopted": null,
                "enabled": null,
                "multipleChoices": [
                    {
                        "id": 295,
                        "createdDate": null,
                        "lastModifiedDate": null,
                        "version": null,
                        "exerciseId": null,
                        "option": "A",
                        "content": "学习率",
                        "answer": true
                    },
                    {
                        "id": 296,
                        "createdDate": null,
                        "lastModifiedDate": null,
                        "version": null,
                        "exerciseId": null,
                        "option": "B",
                        "content": "卷积层填充",
                        "answer": true
                    },
                    {
                        "id": 297,
                        "createdDate": null,
                        "lastModifiedDate": null,
                        "version": null,
                        "exerciseId": null,
                        "option": "C",
                        "content": "批量大小",
                        "answer": true
                    },
                    {
                        "id": 298,
                        "createdDate": null,
                        "lastModifiedDate": null,
                        "version": null,
                        "exerciseId": null,
                        "option": "D",
                        "content": "隐藏层权重",
                        "answer": false
                    }
                ],
                "userExercise": null,
                "titleScore": 3.00
            },
            {
                "id": 472,
                "createdDate": null,
                "lastModifiedDate": null,
                "version": null,
                "content": "在卷积神经网络中，1x1卷积层通常用于?",
                "exerciseAnalysis": "",
                "type": "MULTIPLE_CHOICE",
                "schoolId": null,
                "subjectId": null,
                "score": null,
                "complexity": null,
                "beAdopted": null,
                "enabled": null,
                "multipleChoices": [
                    {
                        "id": 299,
                        "createdDate": null,
                        "lastModifiedDate": null,
                        "version": null,
                        "exerciseId": null,
                        "option": "A",
                        "content": "调整输出特征图的形状",
                        "answer": false
                    },
                    {
                        "id": 300,
                        "createdDate": null,
                        "lastModifiedDate": null,
                        "version": null,
                        "exerciseId": null,
                        "option": "B",
                        "content": "调整输出层的通道数量",
                        "answer": true
                    },
                    {
                        "id": 301,
                        "createdDate": null,
                        "lastModifiedDate": null,
                        "version": null,
                        "exerciseId": null,
                        "option": "C",
                        "content": "识别相邻元素间的相互作用",
                        "answer": false
                    },
                    {
                        "id": 302,
                        "createdDate": null,
                        "lastModifiedDate": null,
                        "version": null,
                        "exerciseId": null,
                        "option": "D",
                        "content": "控制模型复杂性",
                        "answer": true
                    }
                ],
                "userExercise": null,
                "titleScore": 3.00
            },
            {
                "id": 473,
                "createdDate": null,
                "lastModifiedDate": null,
                "version": null,
                "content": "机器学习模型中的关键要素包含下列选项中的哪些内容?",
                "exerciseAnalysis": "",
                "type": "MULTIPLE_CHOICE",
                "schoolId": null,
                "subjectId": null,
                "score": null,
                "complexity": null,
                "beAdopted": null,
                "enabled": null,
                "multipleChoices": [
                    {
                        "id": 303,
                        "createdDate": null,
                        "lastModifiedDate": null,
                        "version": null,
                        "exerciseId": null,
                        "option": "A",
                        "content": "损失函数",
                        "answer": true
                    },
                    {
                        "id": 304,
                        "createdDate": null,
                        "lastModifiedDate": null,
                        "version": null,
                        "exerciseId": null,
                        "option": "B",
                        "content": "训练数据",
                        "answer": true
                    },
                    {
                        "id": 305,
                        "createdDate": null,
                        "lastModifiedDate": null,
                        "version": null,
                        "exerciseId": null,
                        "option": "C",
                        "content": "优化算法",
                        "answer": true
                    },
                    {
                        "id": 306,
                        "createdDate": null,
                        "lastModifiedDate": null,
                        "version": null,
                        "exerciseId": null,
                        "option": "D",
                        "content": "模型本身",
                        "answer": true
                    }
                ],
                "userExercise": null,
                "titleScore": 3.00
            },
            {
                "id": 474,
                "createdDate": null,
                "lastModifiedDate": null,
                "version": null,
                "content": "下列关于批量归一化的优势表述正确的有?",
                "exerciseAnalysis": "",
                "type": "MULTIPLE_CHOICE",
                "schoolId": null,
                "subjectId": null,
                "score": null,
                "complexity": null,
                "beAdopted": null,
                "enabled": null,
                "multipleChoices": [
                    {
                        "id": 307,
                        "createdDate": null,
                        "lastModifiedDate": null,
                        "version": null,
                        "exerciseId": null,
                        "option": "A",
                        "content": "可以改善正则化策略，轻微减少了对dropout的需求",
                        "answer": true
                    },
                    {
                        "id": 308,
                        "createdDate": null,
                        "lastModifiedDate": null,
                        "version": null,
                        "exerciseId": null,
                        "option": "B",
                        "content": "可以选择比较大的初始学习率，无需慢慢调整学习率",
                        "answer": true
                    },
                    {
                        "id": 309,
                        "createdDate": null,
                        "lastModifiedDate": null,
                        "version": null,
                        "exerciseId": null,
                        "option": "C",
                        "content": "可以援解S型激活函数反向传播中梯度消失的问题",
                        "answer": true
                    },
                    {
                        "id": 310,
                        "createdDate": null,
                        "lastModifiedDate": null,
                        "version": null,
                        "exerciseId": null,
                        "option": "D",
                        "content": "可以把训练数据彻底打乱，提高网络泛化性能",
                        "answer": true
                    }
                ],
                "userExercise": null,
                "titleScore": 3.00
            },
            {
                "id": 475,
                "createdDate": null,
                "lastModifiedDate": null,
                "version": null,
                "content": "下列关于NiN和AlexNet之间区别的描述中，说法无误的有? \nA.NiN使用了全局平均汇聚层",
                "exerciseAnalysis": "",
                "type": "MULTIPLE_CHOICE",
                "schoolId": null,
                "subjectId": null,
                "score": null,
                "complexity": null,
                "beAdopted": null,
                "enabled": null,
                "multipleChoices": [
                    {
                        "id": 311,
                        "createdDate": null,
                        "lastModifiedDate": null,
                        "version": null,
                        "exerciseId": null,
                        "option": "A",
                        "content": "NiN使用了全局平均汇聚层",
                        "answer": true
                    },
                    {
                        "id": 312,
                        "createdDate": null,
                        "lastModifiedDate": null,
                        "version": null,
                        "exerciseId": null,
                        "option": "B",
                        "content": "AlexNet使用了VGG块",
                        "answer": false
                    },
                    {
                        "id": 313,
                        "createdDate": null,
                        "lastModifiedDate": null,
                        "version": null,
                        "exerciseId": null,
                        "option": "C",
                        "content": "AlexNe使用了1×1卷积层",
                        "answer": false
                    },
                    {
                        "id": 314,
                        "createdDate": null,
                        "lastModifiedDate": null,
                        "version": null,
                        "exerciseId": null,
                        "option": "D",
                        "content": "NiN完全取消了全连接层",
                        "answer": true
                    }
                ],
                "userExercise": null,
                "titleScore": 3.00
            }
        ],
        "judges": [
            {
                "id": 476,
                "createdDate": null,
                "lastModifiedDate": null,
                "version": null,
                "content": "一个简单的循环神经网络语言模型包括输入编码、循环神经网络模型和输出生成。",
                "exerciseAnalysis": "",
                "type": "JUDGE",
                "schoolId": null,
                "subjectId": null,
                "score": null,
                "complexity": null,
                "beAdopted": null,
                "enabled": null,
                "userExercise": null,
                "judge": {
                    "id": null,
                    "createdDate": null,
                    "lastModifiedDate": null,
                    "version": null,
                    "exerciseId": null,
                    "correct": true
                },
                "titleScore": 2.00
            },
            {
                "id": 477,
                "createdDate": null,
                "lastModifiedDate": null,
                "version": null,
                "content": "AlexNet的架构与LeNet相似，但使用了更多的卷积层和更多的参数来拟合大规模的ImageNet数据集",
                "exerciseAnalysis": "",
                "type": "JUDGE",
                "schoolId": null,
                "subjectId": null,
                "score": null,
                "complexity": null,
                "beAdopted": null,
                "enabled": null,
                "userExercise": null,
                "judge": {
                    "id": null,
                    "createdDate": null,
                    "lastModifiedDate": null,
                    "version": null,
                    "exerciseId": null,
                    "correct": true
                },
                "titleScore": 2.00
            },
            {
                "id": 478,
                "createdDate": null,
                "lastModifiedDate": null,
                "version": null,
                "content": "在训练深度学习模型时，模型的前向传播和反向传播是两个独立的过程。",
                "exerciseAnalysis": "",
                "type": "JUDGE",
                "schoolId": null,
                "subjectId": null,
                "score": null,
                "complexity": null,
                "beAdopted": null,
                "enabled": null,
                "userExercise": null,
                "judge": {
                    "id": null,
                    "createdDate": null,
                    "lastModifiedDate": null,
                    "version": null,
                    "exerciseId": null,
                    "correct": false
                },
                "titleScore": 2.00
            },
            {
                "id": 479,
                "createdDate": null,
                "lastModifiedDate": null,
                "version": null,
                "content": "梯度裁剪既可以防止梯度爆炸，也可以应对梯度消失。",
                "exerciseAnalysis": "",
                "type": "JUDGE",
                "schoolId": null,
                "subjectId": null,
                "score": null,
                "complexity": null,
                "beAdopted": null,
                "enabled": null,
                "userExercise": null,
                "judge": {
                    "id": null,
                    "createdDate": null,
                    "lastModifiedDate": null,
                    "version": null,
                    "exerciseId": null,
                    "correct": false
                },
                "titleScore": 2.00
            },
            {
                "id": 480,
                "createdDate": null,
                "lastModifiedDate": null,
                "version": null,
                "content": "步幅是每次滑动核窗口时行和列的步长，可以成倍增加输出的形状。",
                "exerciseAnalysis": "",
                "type": "JUDGE",
                "schoolId": null,
                "subjectId": null,
                "score": null,
                "complexity": null,
                "beAdopted": null,
                "enabled": null,
                "userExercise": null,
                "judge": {
                    "id": null,
                    "createdDate": null,
                    "lastModifiedDate": null,
                    "version": null,
                    "exerciseId": null,
                    "correct": false
                },
                "titleScore": 2.00
            },
            {
                "id": 481,
                "createdDate": null,
                "lastModifiedDate": null,
                "version": null,
                "content": "在跨层连接上，不同于ResNet中将输入与输出相加，DenseNet在通道维上连结输入与输出。",
                "exerciseAnalysis": "",
                "type": "JUDGE",
                "schoolId": null,
                "subjectId": null,
                "score": null,
                "complexity": null,
                "beAdopted": null,
                "enabled": null,
                "userExercise": null,
                "judge": {
                    "id": null,
                    "createdDate": null,
                    "lastModifiedDate": null,
                    "version": null,
                    "exerciseId": null,
                    "correct": true
                },
                "titleScore": 2.00
            },
            {
                "id": 482,
                "createdDate": null,
                "lastModifiedDate": null,
                "version": null,
                "content": "由于无法从训练误差估计泛化误差，一味地降低训练误差井不意味着泛化误差一定会降低，因此机器学习模型应更关注降低泛化误差。",
                "exerciseAnalysis": "",
                "type": "JUDGE",
                "schoolId": null,
                "subjectId": null,
                "score": null,
                "complexity": null,
                "beAdopted": null,
                "enabled": null,
                "userExercise": null,
                "judge": {
                    "id": null,
                    "createdDate": null,
                    "lastModifiedDate": null,
                    "version": null,
                    "exerciseId": null,
                    "correct": true
                },
                "titleScore": 2.00
            },
            {
                "id": 483,
                "createdDate": null,
                "lastModifiedDate": null,
                "version": null,
                "content": "在卷积神经网络中，当需要检测输入特征中更广区城时，我们可以构建一个更深的卷积网络。",
                "exerciseAnalysis": "",
                "type": "JUDGE",
                "schoolId": null,
                "subjectId": null,
                "score": null,
                "complexity": null,
                "beAdopted": null,
                "enabled": null,
                "userExercise": null,
                "judge": {
                    "id": null,
                    "createdDate": null,
                    "lastModifiedDate": null,
                    "version": null,
                    "exerciseId": null,
                    "correct": true
                },
                "titleScore": 2.00
            },
            {
                "id": 484,
                "createdDate": null,
                "lastModifiedDate": null,
                "version": null,
                "content": "暂退法在前向传懂过程中，计算每一内部层的同时收集一些神经元。",
                "exerciseAnalysis": "",
                "type": "JUDGE",
                "schoolId": null,
                "subjectId": null,
                "score": null,
                "complexity": null,
                "beAdopted": null,
                "enabled": null,
                "userExercise": null,
                "judge": {
                    "id": null,
                    "createdDate": null,
                    "lastModifiedDate": null,
                    "version": null,
                    "exerciseId": null,
                    "correct": false
                },
                "titleScore": 2.00
            },
            {
                "id": 485,
                "createdDate": null,
                "lastModifiedDate": null,
                "version": null,
                "content": "将模型在训练数据上拟合得比在潜在分布中更接近的现象称为过拟合， 用于对抗过拟合的技术称为正则化。",
                "exerciseAnalysis": "",
                "type": "JUDGE",
                "schoolId": null,
                "subjectId": null,
                "score": null,
                "complexity": null,
                "beAdopted": null,
                "enabled": null,
                "userExercise": null,
                "judge": {
                    "id": null,
                    "createdDate": null,
                    "lastModifiedDate": null,
                    "version": null,
                    "exerciseId": null,
                    "correct": true
                },
                "titleScore": 2.00
            },
            {
                "id": 486,
                "createdDate": null,
                "lastModifiedDate": null,
                "version": null,
                "content": "循环神经网络t时刻的输出取决于当前时刻的输入,也取决于网络前一时刻t-1甚至更早的输出。",
                "exerciseAnalysis": "",
                "type": "JUDGE",
                "schoolId": null,
                "subjectId": null,
                "score": null,
                "complexity": null,
                "beAdopted": null,
                "enabled": null,
                "userExercise": null,
                "judge": {
                    "id": null,
                    "createdDate": null,
                    "lastModifiedDate": null,
                    "version": null,
                    "exerciseId": null,
                    "correct": true
                },
                "titleScore": 2.00
            },
            {
                "id": 487,
                "createdDate": null,
                "lastModifiedDate": null,
                "version": null,
                "content": "循环神经网络模型的参数数量不会随着时间步的增加而增加。",
                "exerciseAnalysis": "",
                "type": "JUDGE",
                "schoolId": null,
                "subjectId": null,
                "score": null,
                "complexity": null,
                "beAdopted": null,
                "enabled": null,
                "userExercise": null,
                "judge": {
                    "id": null,
                    "createdDate": null,
                    "lastModifiedDate": null,
                    "version": null,
                    "exerciseId": null,
                    "correct": true
                },
                "titleScore": 2.00
            },
            {
                "id": 488,
                "createdDate": null,
                "lastModifiedDate": null,
                "version": null,
                "content": "学习卷积核时，无论用严格卷积运算或互相关运算，卷积层的轴出不会受太大影响。",
                "exerciseAnalysis": "",
                "type": "JUDGE",
                "schoolId": null,
                "subjectId": null,
                "score": null,
                "complexity": null,
                "beAdopted": null,
                "enabled": null,
                "userExercise": null,
                "judge": {
                    "id": null,
                    "createdDate": null,
                    "lastModifiedDate": null,
                    "version": null,
                    "exerciseId": null,
                    "correct": true
                },
                "titleScore": 2.00
            },
            {
                "id": 489,
                "createdDate": null,
                "lastModifiedDate": null,
                "version": null,
                "content": "在卷积神经网络中，池化层没有需要学习的参数。",
                "exerciseAnalysis": "",
                "type": "JUDGE",
                "schoolId": null,
                "subjectId": null,
                "score": null,
                "complexity": null,
                "beAdopted": null,
                "enabled": null,
                "userExercise": null,
                "judge": {
                    "id": null,
                    "createdDate": null,
                    "lastModifiedDate": null,
                    "version": null,
                    "exerciseId": null,
                    "correct": true
                },
                "titleScore": 2.00
            },
            {
                "id": 490,
                "createdDate": null,
                "lastModifiedDate": null,
                "version": null,
                "content": "VGG-11使用可复用的池化来构造网络。不同的VGG模型可通过每个块中池化层数量和输出通道数量的差异来定义。",
                "exerciseAnalysis": "",
                "type": "JUDGE",
                "schoolId": null,
                "subjectId": null,
                "score": null,
                "complexity": null,
                "beAdopted": null,
                "enabled": null,
                "userExercise": null,
                "judge": {
                    "id": null,
                    "createdDate": null,
                    "lastModifiedDate": null,
                    "version": null,
                    "exerciseId": null,
                    "correct": false
                },
                "titleScore": 2.00
            }
        ],
        "shortAnswerVOS": [],
        "completionVOS": [],
        "uncertainChoiceVOS": [],
        "scoreRulesCompletion": null,
        "scoreRulesShortAnswer": null,
        "scoreRulesJudges": {
            "id": 125,
            "createdDate": "2022-10-18T14:44:10",
            "lastModifiedDate": "2022-10-18T14:44:10",
            "version": 1,
            "examinationId": 67,
            "questionType": "JUDGE",
            "score": 2.00,
            "topicNumber": 15,
            "totalPoints": 30.00,
            "numberBlank": 0,
            "scoreSort": 4,
            "setMethod": "BATCH_SETTING"
        },
        "scoreRulesUncertainChoice": null,
        "scoreRulesSingleChoices": {
            "id": 123,
            "createdDate": "2022-10-18T14:44:10",
            "lastModifiedDate": "2022-10-18T14:44:10",
            "version": 1,
            "examinationId": 67,
            "questionType": "SINGLE_CHOICE",
            "score": 5.00,
            "topicNumber": 11,
            "totalPoints": 55.00,
            "numberBlank": 0,
            "scoreSort": 1,
            "setMethod": "BATCH_SETTING"
        },
        "scoreRulesMultipleChoices": {
            "id": 124,
            "createdDate": "2022-10-18T14:44:10",
            "lastModifiedDate": "2022-10-18T14:44:10",
            "version": 1,
            "examinationId": 67,
            "questionType": "MULTIPLE_CHOICE",
            "score": 3.00,
            "topicNumber": 5,
            "totalPoints": 15.00,
            "numberBlank": 0,
            "scoreSort": 2,
            "setMethod": "BATCH_SETTING"
        }
    }
}