{
    "data": {
        "singleChoices": [
            {
                "id": 243,
                "createdDate": null,
                "lastModifiedDate": null,
                "version": null,
                "content": "现在有一张图片，大小为200x200，依次经过一层卷积(kernel size 5x5，padding 2,stride 2)，pooling(kernel size 3×3,padding 0，stride 1)，又一层卷积(kernel size 3×3，padding1，stride 1)之后，输出特征图大小为?",
                "exerciseAnalysis": "",
                "type": "SINGLE_CHOICE",
                "schoolId": null,
                "subjectId": null,
                "score": null,
                "complexity": null,
                "beAdopted": null,
                "enabled": null,
                "userExercise": null,
                "singleChoices": [
                    {
                        "id": 369,
                        "createdDate": null,
                        "lastModifiedDate": null,
                        "version": null,
                        "exerciseId": null,
                        "option": "A",
                        "content": "95 × 95",
                        "answer": false
                    },
                    {
                        "id": 370,
                        "createdDate": null,
                        "lastModifiedDate": null,
                        "version": null,
                        "exerciseId": null,
                        "option": "B",
                        "content": "96 × 96",
                        "answer": false
                    },
                    {
                        "id": 371,
                        "createdDate": null,
                        "lastModifiedDate": null,
                        "version": null,
                        "exerciseId": null,
                        "option": "C",
                        "content": "97 × 97",
                        "answer": false
                    },
                    {
                        "id": 372,
                        "createdDate": null,
                        "lastModifiedDate": null,
                        "version": null,
                        "exerciseId": null,
                        "option": "D",
                        "content": "98 × 98",
                        "answer": true
                    }
                ],
                "titleScore": 3.00
            },
            {
                "id": 244,
                "createdDate": null,
                "lastModifiedDate": null,
                "version": null,
                "content": "深度学习中的“深度”是指______。",
                "exerciseAnalysis": "",
                "type": "SINGLE_CHOICE",
                "schoolId": null,
                "subjectId": null,
                "score": null,
                "complexity": null,
                "beAdopted": null,
                "enabled": null,
                "userExercise": null,
                "singleChoices": [
                    {
                        "id": 373,
                        "createdDate": null,
                        "lastModifiedDate": null,
                        "version": null,
                        "exerciseId": null,
                        "option": "A",
                        "content": "计算机理解深度",
                        "answer": false
                    },
                    {
                        "id": 374,
                        "createdDate": null,
                        "lastModifiedDate": null,
                        "version": null,
                        "exerciseId": null,
                        "option": "B",
                        "content": "计算机的求解更加精确",
                        "answer": false
                    },
                    {
                        "id": 375,
                        "createdDate": null,
                        "lastModifiedDate": null,
                        "version": null,
                        "exerciseId": null,
                        "option": "C",
                        "content": "计算机对问题的处理更加灵活",
                        "answer": false
                    },
                    {
                        "id": 376,
                        "createdDate": null,
                        "lastModifiedDate": null,
                        "version": null,
                        "exerciseId": null,
                        "option": "D",
                        "content": "中间神经元网络的层次很多",
                        "answer": true
                    }
                ],
                "titleScore": 3.00
            },
            {
                "id": 245,
                "createdDate": null,
                "lastModifiedDate": null,
                "version": null,
                "content": "一个卷积层的卷积核大小为3x3，padding为1，stride为1，输出通道为2，没有偏置，对于 3×10×10(C×H×W）的输入，其计算量和参数量为?",
                "exerciseAnalysis": "",
                "type": "SINGLE_CHOICE",
                "schoolId": null,
                "subjectId": null,
                "score": null,
                "complexity": null,
                "beAdopted": null,
                "enabled": null,
                "userExercise": null,
                "singleChoices": [
                    {
                        "id": 377,
                        "createdDate": null,
                        "lastModifiedDate": null,
                        "version": null,
                        "exerciseId": null,
                        "option": "A",
                        "content": "900，9",
                        "answer": false
                    },
                    {
                        "id": 378,
                        "createdDate": null,
                        "lastModifiedDate": null,
                        "version": null,
                        "exerciseId": null,
                        "option": "B",
                        "content": "5400，54",
                        "answer": true
                    },
                    {
                        "id": 379,
                        "createdDate": null,
                        "lastModifiedDate": null,
                        "version": null,
                        "exerciseId": null,
                        "option": "C",
                        "content": "22500，225",
                        "answer": false
                    },
                    {
                        "id": 380,
                        "createdDate": null,
                        "lastModifiedDate": null,
                        "version": null,
                        "exerciseId": null,
                        "option": "D",
                        "content": "2700，27",
                        "answer": false
                    }
                ],
                "titleScore": 3.00
            },
            {
                "id": 246,
                "createdDate": null,
                "lastModifiedDate": null,
                "version": null,
                "content": "SSD主要通过哪种方法来解决检测不同大小目标的问题?",
                "exerciseAnalysis": "",
                "type": "SINGLE_CHOICE",
                "schoolId": null,
                "subjectId": null,
                "score": null,
                "complexity": null,
                "beAdopted": null,
                "enabled": null,
                "userExercise": null,
                "singleChoices": [
                    {
                        "id": 381,
                        "createdDate": null,
                        "lastModifiedDate": null,
                        "version": null,
                        "exerciseId": null,
                        "option": "A",
                        "content": "使用图像金字塔作为输入",
                        "answer": false
                    },
                    {
                        "id": 382,
                        "createdDate": null,
                        "lastModifiedDate": null,
                        "version": null,
                        "exerciseId": null,
                        "option": "B",
                        "content": "设置更多的anchor尺寸",
                        "answer": false
                    },
                    {
                        "id": 383,
                        "createdDate": null,
                        "lastModifiedDate": null,
                        "version": null,
                        "exerciseId": null,
                        "option": "C",
                        "content": "设置更多的anchor宽高比",
                        "answer": false
                    },
                    {
                        "id": 384,
                        "createdDate": null,
                        "lastModifiedDate": null,
                        "version": null,
                        "exerciseId": null,
                        "option": "D",
                        "content": "在不同的特征图上进行预测",
                        "answer": true
                    }
                ],
                "titleScore": 3.00
            },
            {
                "id": 247,
                "createdDate": null,
                "lastModifiedDate": null,
                "version": null,
                "content": "我们可以用指数加权移动平均理解动量法，当β=0.99时，相当于我们是对最近几个时间步进行了加权平均(有效梯度数)?",
                "exerciseAnalysis": "",
                "type": "SINGLE_CHOICE",
                "schoolId": null,
                "subjectId": null,
                "score": null,
                "complexity": null,
                "beAdopted": null,
                "enabled": null,
                "userExercise": null,
                "singleChoices": [
                    {
                        "id": 385,
                        "createdDate": null,
                        "lastModifiedDate": null,
                        "version": null,
                        "exerciseId": null,
                        "option": "A",
                        "content": "10",
                        "answer": false
                    },
                    {
                        "id": 386,
                        "createdDate": null,
                        "lastModifiedDate": null,
                        "version": null,
                        "exerciseId": null,
                        "option": "B",
                        "content": "100",
                        "answer": true
                    },
                    {
                        "id": 387,
                        "createdDate": null,
                        "lastModifiedDate": null,
                        "version": null,
                        "exerciseId": null,
                        "option": "C",
                        "content": "5",
                        "answer": false
                    },
                    {
                        "id": 388,
                        "createdDate": null,
                        "lastModifiedDate": null,
                        "version": null,
                        "exerciseId": null,
                        "option": "D",
                        "content": "8",
                        "answer": false
                    }
                ],
                "titleScore": 3.00
            },
            {
                "id": 248,
                "createdDate": null,
                "lastModifiedDate": null,
                "version": null,
                "content": "在一个神经网络里，知道每一个神经元的权值和偏差值是最重要的一步。如果以某种方法知道了神经元准确的权重和偏差，就可以近似任何函效。实现这个最住的办法是?",
                "exerciseAnalysis": "",
                "type": "SINGLE_CHOICE",
                "schoolId": null,
                "subjectId": null,
                "score": null,
                "complexity": null,
                "beAdopted": null,
                "enabled": null,
                "userExercise": null,
                "singleChoices": [
                    {
                        "id": 389,
                        "createdDate": null,
                        "lastModifiedDate": null,
                        "version": null,
                        "exerciseId": null,
                        "option": "A",
                        "content": "赋予一个初始值，通过检查跟最佳值的差值，然后迭代更新权重",
                        "answer": true
                    },
                    {
                        "id": 390,
                        "createdDate": null,
                        "lastModifiedDate": null,
                        "version": null,
                        "exerciseId": null,
                        "option": "B",
                        "content": "随机赋值，祈祷他们是正确的",
                        "answer": false
                    },
                    {
                        "id": 391,
                        "createdDate": null,
                        "lastModifiedDate": null,
                        "version": null,
                        "exerciseId": null,
                        "option": "C",
                        "content": "搜震所有权重和偏差的组合，直到得到最佳值",
                        "answer": false
                    },
                    {
                        "id": 392,
                        "createdDate": null,
                        "lastModifiedDate": null,
                        "version": null,
                        "exerciseId": null,
                        "option": "D",
                        "content": "以上说法都不正确",
                        "answer": false
                    }
                ],
                "titleScore": 3.00
            },
            {
                "id": 249,
                "createdDate": null,
                "lastModifiedDate": null,
                "version": null,
                "content": "输入图像矩阵大小为28×28，使用大小为7×7的stride为1、padding为0的滤波器，那么卷积后矩阵的大小是多少?",
                "exerciseAnalysis": "",
                "type": "SINGLE_CHOICE",
                "schoolId": null,
                "subjectId": null,
                "score": null,
                "complexity": null,
                "beAdopted": null,
                "enabled": null,
                "userExercise": null,
                "singleChoices": [
                    {
                        "id": 393,
                        "createdDate": null,
                        "lastModifiedDate": null,
                        "version": null,
                        "exerciseId": null,
                        "option": "A",
                        "content": "22×22",
                        "answer": true
                    },
                    {
                        "id": 394,
                        "createdDate": null,
                        "lastModifiedDate": null,
                        "version": null,
                        "exerciseId": null,
                        "option": "B",
                        "content": "28×28",
                        "answer": false
                    },
                    {
                        "id": 395,
                        "createdDate": null,
                        "lastModifiedDate": null,
                        "version": null,
                        "exerciseId": null,
                        "option": "C",
                        "content": "21×21",
                        "answer": false
                    },
                    {
                        "id": 396,
                        "createdDate": null,
                        "lastModifiedDate": null,
                        "version": null,
                        "exerciseId": null,
                        "option": "D",
                        "content": "7×7",
                        "answer": false
                    }
                ],
                "titleScore": 3.00
            },
            {
                "id": 250,
                "createdDate": null,
                "lastModifiedDate": null,
                "version": null,
                "content": "下列目标检测网络中，哪个是一阶段的网络?",
                "exerciseAnalysis": "",
                "type": "SINGLE_CHOICE",
                "schoolId": null,
                "subjectId": null,
                "score": null,
                "complexity": null,
                "beAdopted": null,
                "enabled": null,
                "userExercise": null,
                "singleChoices": [
                    {
                        "id": 397,
                        "createdDate": null,
                        "lastModifiedDate": null,
                        "version": null,
                        "exerciseId": null,
                        "option": "A",
                        "content": "Faster-rcnn",
                        "answer": false
                    },
                    {
                        "id": 398,
                        "createdDate": null,
                        "lastModifiedDate": null,
                        "version": null,
                        "exerciseId": null,
                        "option": "B",
                        "content": "RFCN",
                        "answer": false
                    },
                    {
                        "id": 399,
                        "createdDate": null,
                        "lastModifiedDate": null,
                        "version": null,
                        "exerciseId": null,
                        "option": "C",
                        "content": "SPP-net",
                        "answer": false
                    },
                    {
                        "id": 400,
                        "createdDate": null,
                        "lastModifiedDate": null,
                        "version": null,
                        "exerciseId": null,
                        "option": "D",
                        "content": "YOLOV3",
                        "answer": true
                    }
                ],
                "titleScore": 3.00
            },
            {
                "id": 251,
                "createdDate": null,
                "lastModifiedDate": null,
                "version": null,
                "content": "如果使用的学习率太大，会导致?",
                "exerciseAnalysis": "",
                "type": "SINGLE_CHOICE",
                "schoolId": null,
                "subjectId": null,
                "score": null,
                "complexity": null,
                "beAdopted": null,
                "enabled": null,
                "userExercise": null,
                "singleChoices": [
                    {
                        "id": 401,
                        "createdDate": null,
                        "lastModifiedDate": null,
                        "version": null,
                        "exerciseId": null,
                        "option": "A",
                        "content": "网络收敛的快",
                        "answer": false
                    },
                    {
                        "id": 402,
                        "createdDate": null,
                        "lastModifiedDate": null,
                        "version": null,
                        "exerciseId": null,
                        "option": "B",
                        "content": "网络收敛的慢",
                        "answer": false
                    },
                    {
                        "id": 403,
                        "createdDate": null,
                        "lastModifiedDate": null,
                        "version": null,
                        "exerciseId": null,
                        "option": "C",
                        "content": "网络无法收敛",
                        "answer": true
                    },
                    {
                        "id": 404,
                        "createdDate": null,
                        "lastModifiedDate": null,
                        "version": null,
                        "exerciseId": null,
                        "option": "D",
                        "content": "不确定",
                        "answer": false
                    }
                ],
                "titleScore": 3.00
            },
            {
                "id": 252,
                "createdDate": null,
                "lastModifiedDate": null,
                "version": null,
                "content": "与传统机器学习方法相比，深度学习的优势在于?",
                "exerciseAnalysis": "",
                "type": "SINGLE_CHOICE",
                "schoolId": null,
                "subjectId": null,
                "score": null,
                "complexity": null,
                "beAdopted": null,
                "enabled": null,
                "userExercise": null,
                "singleChoices": [
                    {
                        "id": 405,
                        "createdDate": null,
                        "lastModifiedDate": null,
                        "version": null,
                        "exerciseId": null,
                        "option": "A",
                        "content": "深度学习完全不需要做数据预处理",
                        "answer": false
                    },
                    {
                        "id": 406,
                        "createdDate": null,
                        "lastModifiedDate": null,
                        "version": null,
                        "exerciseId": null,
                        "option": "B",
                        "content": "深度学习不需要调参",
                        "answer": false
                    },
                    {
                        "id": 407,
                        "createdDate": null,
                        "lastModifiedDate": null,
                        "version": null,
                        "exerciseId": null,
                        "option": "C",
                        "content": "深度学习可以自动学习特征",
                        "answer": true
                    },
                    {
                        "id": 408,
                        "createdDate": null,
                        "lastModifiedDate": null,
                        "version": null,
                        "exerciseId": null,
                        "option": "D",
                        "content": "深度学习完全不提取底展特征，如图像边缘，纹理等",
                        "answer": false
                    }
                ],
                "titleScore": 3.00
            },
            {
                "id": 253,
                "createdDate": null,
                "lastModifiedDate": null,
                "version": null,
                "content": "下列哪一项在神经网络中引入了非线性?",
                "exerciseAnalysis": "",
                "type": "SINGLE_CHOICE",
                "schoolId": null,
                "subjectId": null,
                "score": null,
                "complexity": null,
                "beAdopted": null,
                "enabled": null,
                "userExercise": null,
                "singleChoices": [
                    {
                        "id": 409,
                        "createdDate": null,
                        "lastModifiedDate": null,
                        "version": null,
                        "exerciseId": null,
                        "option": "A",
                        "content": "随机梯度下降",
                        "answer": false
                    },
                    {
                        "id": 410,
                        "createdDate": null,
                        "lastModifiedDate": null,
                        "version": null,
                        "exerciseId": null,
                        "option": "B",
                        "content": "增大权重的初始化值",
                        "answer": false
                    },
                    {
                        "id": 411,
                        "createdDate": null,
                        "lastModifiedDate": null,
                        "version": null,
                        "exerciseId": null,
                        "option": "C",
                        "content": "增大偏置的初始化价值",
                        "answer": false
                    },
                    {
                        "id": 412,
                        "createdDate": null,
                        "lastModifiedDate": null,
                        "version": null,
                        "exerciseId": null,
                        "option": "D",
                        "content": "Sigmoid激活函数",
                        "answer": true
                    }
                ],
                "titleScore": 3.00
            },
            {
                "id": 254,
                "createdDate": null,
                "lastModifiedDate": null,
                "version": null,
                "content": "以下哪种不是自适应学习率方法?",
                "exerciseAnalysis": "",
                "type": "SINGLE_CHOICE",
                "schoolId": null,
                "subjectId": null,
                "score": null,
                "complexity": null,
                "beAdopted": null,
                "enabled": null,
                "userExercise": null,
                "singleChoices": [
                    {
                        "id": 413,
                        "createdDate": null,
                        "lastModifiedDate": null,
                        "version": null,
                        "exerciseId": null,
                        "option": "A",
                        "content": "Mini-batch SGD",
                        "answer": true
                    },
                    {
                        "id": 414,
                        "createdDate": null,
                        "lastModifiedDate": null,
                        "version": null,
                        "exerciseId": null,
                        "option": "B",
                        "content": "Adagrad",
                        "answer": false
                    },
                    {
                        "id": 415,
                        "createdDate": null,
                        "lastModifiedDate": null,
                        "version": null,
                        "exerciseId": null,
                        "option": "C",
                        "content": "RMSprop",
                        "answer": false
                    },
                    {
                        "id": 416,
                        "createdDate": null,
                        "lastModifiedDate": null,
                        "version": null,
                        "exerciseId": null,
                        "option": "D",
                        "content": "Adam",
                        "answer": false
                    }
                ],
                "titleScore": 3.00
            },
            {
                "id": 255,
                "createdDate": null,
                "lastModifiedDate": null,
                "version": null,
                "content": "在深度学习中，涉及到大量的短阵相乘。现在需要计算三个稠密矩阵A，B，C的乘积ABC，假设三个矩阵的尺寸分别为mn，no，pq，且m<n<p<q，以下计算顺序效率最高的是?",
                "exerciseAnalysis": "",
                "type": "SINGLE_CHOICE",
                "schoolId": null,
                "subjectId": null,
                "score": null,
                "complexity": null,
                "beAdopted": null,
                "enabled": null,
                "userExercise": null,
                "singleChoices": [
                    {
                        "id": 417,
                        "createdDate": null,
                        "lastModifiedDate": null,
                        "version": null,
                        "exerciseId": null,
                        "option": "A",
                        "content": "任何计算方法的效率都是相同的",
                        "answer": false
                    },
                    {
                        "id": 418,
                        "createdDate": null,
                        "lastModifiedDate": null,
                        "version": null,
                        "exerciseId": null,
                        "option": "B",
                        "content": "(AB)C",
                        "answer": true
                    },
                    {
                        "id": 419,
                        "createdDate": null,
                        "lastModifiedDate": null,
                        "version": null,
                        "exerciseId": null,
                        "option": "C",
                        "content": "AC(B)",
                        "answer": false
                    },
                    {
                        "id": 420,
                        "createdDate": null,
                        "lastModifiedDate": null,
                        "version": null,
                        "exerciseId": null,
                        "option": "D",
                        "content": "A(BC)",
                        "answer": false
                    }
                ],
                "titleScore": 3.00
            },
            {
                "id": 256,
                "createdDate": null,
                "lastModifiedDate": null,
                "version": null,
                "content": "下列哪个神经网络结构不会发生权重共享?",
                "exerciseAnalysis": "",
                "type": "SINGLE_CHOICE",
                "schoolId": null,
                "subjectId": null,
                "score": null,
                "complexity": null,
                "beAdopted": null,
                "enabled": null,
                "userExercise": null,
                "singleChoices": [
                    {
                        "id": 421,
                        "createdDate": null,
                        "lastModifiedDate": null,
                        "version": null,
                        "exerciseId": null,
                        "option": "A",
                        "content": "卷积神经网络",
                        "answer": false
                    },
                    {
                        "id": 422,
                        "createdDate": null,
                        "lastModifiedDate": null,
                        "version": null,
                        "exerciseId": null,
                        "option": "B",
                        "content": "循环神经网络",
                        "answer": false
                    },
                    {
                        "id": 423,
                        "createdDate": null,
                        "lastModifiedDate": null,
                        "version": null,
                        "exerciseId": null,
                        "option": "C",
                        "content": "全连接神经网络",
                        "answer": true
                    },
                    {
                        "id": 424,
                        "createdDate": null,
                        "lastModifiedDate": null,
                        "version": null,
                        "exerciseId": null,
                        "option": "D",
                        "content": "以上所有",
                        "answer": false
                    }
                ],
                "titleScore": 3.00
            },
            {
                "id": 257,
                "createdDate": null,
                "lastModifiedDate": null,
                "version": null,
                "content": "________的主要问题是最后的3层全连接层的参数量过于庞大。",
                "exerciseAnalysis": "",
                "type": "SINGLE_CHOICE",
                "schoolId": null,
                "subjectId": null,
                "score": null,
                "complexity": null,
                "beAdopted": null,
                "enabled": null,
                "userExercise": null,
                "singleChoices": [
                    {
                        "id": 425,
                        "createdDate": null,
                        "lastModifiedDate": null,
                        "version": null,
                        "exerciseId": null,
                        "option": "A",
                        "content": "InceptionNet",
                        "answer": false
                    },
                    {
                        "id": 426,
                        "createdDate": null,
                        "lastModifiedDate": null,
                        "version": null,
                        "exerciseId": null,
                        "option": "B",
                        "content": "VGG网络",
                        "answer": true
                    },
                    {
                        "id": 427,
                        "createdDate": null,
                        "lastModifiedDate": null,
                        "version": null,
                        "exerciseId": null,
                        "option": "C",
                        "content": "ResNet",
                        "answer": false
                    },
                    {
                        "id": 428,
                        "createdDate": null,
                        "lastModifiedDate": null,
                        "version": null,
                        "exerciseId": null,
                        "option": "D",
                        "content": "AlexNet",
                        "answer": false
                    }
                ],
                "titleScore": 3.00
            }
        ],
        "multipleChoices": [
            {
                "id": 258,
                "createdDate": null,
                "lastModifiedDate": null,
                "version": null,
                "content": "1×1大小的卷积核的作用有哪些?",
                "exerciseAnalysis": "",
                "type": "MULTIPLE_CHOICE",
                "schoolId": null,
                "subjectId": null,
                "score": null,
                "complexity": null,
                "beAdopted": null,
                "enabled": null,
                "multipleChoices": [
                    {
                        "id": 184,
                        "createdDate": null,
                        "lastModifiedDate": null,
                        "version": null,
                        "exerciseId": null,
                        "option": "A",
                        "content": "通过控制卷积核个数实现升维或者降维，从而或少模型参数",
                        "answer": true
                    },
                    {
                        "id": 185,
                        "createdDate": null,
                        "lastModifiedDate": null,
                        "version": null,
                        "exerciseId": null,
                        "option": "B",
                        "content": "用于不同channel上特征的融合",
                        "answer": true
                    },
                    {
                        "id": 186,
                        "createdDate": null,
                        "lastModifiedDate": null,
                        "version": null,
                        "exerciseId": null,
                        "option": "C",
                        "content": "对不同特征进行归一化操作",
                        "answer": true
                    },
                    {
                        "id": 187,
                        "createdDate": null,
                        "lastModifiedDate": null,
                        "version": null,
                        "exerciseId": null,
                        "option": "D",
                        "content": "辅助网络提取底展特征",
                        "answer": false
                    }
                ],
                "userExercise": null,
                "titleScore": 6.00
            },
            {
                "id": 259,
                "createdDate": null,
                "lastModifiedDate": null,
                "version": null,
                "content": "当图像分类的准确率不高时，可以考虑以下哪种方法提高准确率?",
                "exerciseAnalysis": "",
                "type": "MULTIPLE_CHOICE",
                "schoolId": null,
                "subjectId": null,
                "score": null,
                "complexity": null,
                "beAdopted": null,
                "enabled": null,
                "multipleChoices": [
                    {
                        "id": 188,
                        "createdDate": null,
                        "lastModifiedDate": null,
                        "version": null,
                        "exerciseId": null,
                        "option": "A",
                        "content": "减少数据集",
                        "answer": false
                    },
                    {
                        "id": 189,
                        "createdDate": null,
                        "lastModifiedDate": null,
                        "version": null,
                        "exerciseId": null,
                        "option": "B",
                        "content": "数据增强",
                        "answer": true
                    },
                    {
                        "id": 190,
                        "createdDate": null,
                        "lastModifiedDate": null,
                        "version": null,
                        "exerciseId": null,
                        "option": "C",
                        "content": "使用预训练网络参数",
                        "answer": true
                    },
                    {
                        "id": 191,
                        "createdDate": null,
                        "lastModifiedDate": null,
                        "version": null,
                        "exerciseId": null,
                        "option": "D",
                        "content": "调整超参数",
                        "answer": true
                    }
                ],
                "userExercise": null,
                "titleScore": 6.00
            },
            {
                "id": 260,
                "createdDate": null,
                "lastModifiedDate": null,
                "version": null,
                "content": "在选择神经网络的深度时，下面那些参数需要考虑?",
                "exerciseAnalysis": "",
                "type": "MULTIPLE_CHOICE",
                "schoolId": null,
                "subjectId": null,
                "score": null,
                "complexity": null,
                "beAdopted": null,
                "enabled": null,
                "multipleChoices": [
                    {
                        "id": 192,
                        "createdDate": null,
                        "lastModifiedDate": null,
                        "version": null,
                        "exerciseId": null,
                        "option": "A",
                        "content": "神经网络的类型",
                        "answer": true
                    },
                    {
                        "id": 193,
                        "createdDate": null,
                        "lastModifiedDate": null,
                        "version": null,
                        "exerciseId": null,
                        "option": "B",
                        "content": "输入数据",
                        "answer": true
                    },
                    {
                        "id": 194,
                        "createdDate": null,
                        "lastModifiedDate": null,
                        "version": null,
                        "exerciseId": null,
                        "option": "C",
                        "content": "计算能力",
                        "answer": true
                    },
                    {
                        "id": 195,
                        "createdDate": null,
                        "lastModifiedDate": null,
                        "version": null,
                        "exerciseId": null,
                        "option": "D",
                        "content": "学习速率",
                        "answer": true
                    },
                    {
                        "id": 196,
                        "createdDate": null,
                        "lastModifiedDate": null,
                        "version": null,
                        "exerciseId": null,
                        "option": "E",
                        "content": "映射的输出函数",
                        "answer": true
                    }
                ],
                "userExercise": null,
                "titleScore": 6.00
            },
            {
                "id": 261,
                "createdDate": null,
                "lastModifiedDate": null,
                "version": null,
                "content": "下面哪的情况可能导教神经网络训练失败?",
                "exerciseAnalysis": "",
                "type": "MULTIPLE_CHOICE",
                "schoolId": null,
                "subjectId": null,
                "score": null,
                "complexity": null,
                "beAdopted": null,
                "enabled": null,
                "multipleChoices": [
                    {
                        "id": 197,
                        "createdDate": null,
                        "lastModifiedDate": null,
                        "version": null,
                        "exerciseId": null,
                        "option": "A",
                        "content": "梯度消失",
                        "answer": true
                    },
                    {
                        "id": 198,
                        "createdDate": null,
                        "lastModifiedDate": null,
                        "version": null,
                        "exerciseId": null,
                        "option": "B",
                        "content": "鞍点",
                        "answer": true
                    },
                    {
                        "id": 199,
                        "createdDate": null,
                        "lastModifiedDate": null,
                        "version": null,
                        "exerciseId": null,
                        "option": "C",
                        "content": "梯度爆炸",
                        "answer": true
                    },
                    {
                        "id": 200,
                        "createdDate": null,
                        "lastModifiedDate": null,
                        "version": null,
                        "exerciseId": null,
                        "option": "D",
                        "content": "缺少激活函数",
                        "answer": true
                    }
                ],
                "userExercise": null,
                "titleScore": 6.00
            },
            {
                "id": 262,
                "createdDate": null,
                "lastModifiedDate": null,
                "version": null,
                "content": "下列哪些项目是在图像识别任务中使用的数据增广技术?",
                "exerciseAnalysis": "",
                "type": "MULTIPLE_CHOICE",
                "schoolId": null,
                "subjectId": null,
                "score": null,
                "complexity": null,
                "beAdopted": null,
                "enabled": null,
                "multipleChoices": [
                    {
                        "id": 201,
                        "createdDate": null,
                        "lastModifiedDate": null,
                        "version": null,
                        "exerciseId": null,
                        "option": "A",
                        "content": "水平翻转",
                        "answer": true
                    },
                    {
                        "id": 202,
                        "createdDate": null,
                        "lastModifiedDate": null,
                        "version": null,
                        "exerciseId": null,
                        "option": "B",
                        "content": "随机裁剪",
                        "answer": true
                    },
                    {
                        "id": 203,
                        "createdDate": null,
                        "lastModifiedDate": null,
                        "version": null,
                        "exerciseId": null,
                        "option": "C",
                        "content": "随机缩放",
                        "answer": true
                    },
                    {
                        "id": 204,
                        "createdDate": null,
                        "lastModifiedDate": null,
                        "version": null,
                        "exerciseId": null,
                        "option": "D",
                        "content": "颜色抖动",
                        "answer": true
                    },
                    {
                        "id": 205,
                        "createdDate": null,
                        "lastModifiedDate": null,
                        "version": null,
                        "exerciseId": null,
                        "option": "E",
                        "content": "随机平移",
                        "answer": true
                    },
                    {
                        "id": 206,
                        "createdDate": null,
                        "lastModifiedDate": null,
                        "version": null,
                        "exerciseId": null,
                        "option": "F",
                        "content": "随机剪切",
                        "answer": true
                    }
                ],
                "userExercise": null,
                "titleScore": 6.00
            },
            {
                "id": 263,
                "createdDate": null,
                "lastModifiedDate": null,
                "version": null,
                "content": "关于梯度下降算法，以下说法正确的是?",
                "exerciseAnalysis": "",
                "type": "MULTIPLE_CHOICE",
                "schoolId": null,
                "subjectId": null,
                "score": null,
                "complexity": null,
                "beAdopted": null,
                "enabled": null,
                "multipleChoices": [
                    {
                        "id": 207,
                        "createdDate": null,
                        "lastModifiedDate": null,
                        "version": null,
                        "exerciseId": null,
                        "option": "A",
                        "content": "随机梯度下降算法是每次考虑单个样本进行权重更新",
                        "answer": true
                    },
                    {
                        "id": 208,
                        "createdDate": null,
                        "lastModifiedDate": null,
                        "version": null,
                        "exerciseId": null,
                        "option": "B",
                        "content": "Mini-Batch梯度下降算法是批量梯度下降和随机机度下降的折中",
                        "answer": true
                    },
                    {
                        "id": 209,
                        "createdDate": null,
                        "lastModifiedDate": null,
                        "version": null,
                        "exerciseId": null,
                        "option": "C",
                        "content": "小批量随机梯度下降使用的是学习率的自适应方法",
                        "answer": false
                    },
                    {
                        "id": 210,
                        "createdDate": null,
                        "lastModifiedDate": null,
                        "version": null,
                        "exerciseId": null,
                        "option": "D",
                        "content": "批量梯度下降算法是每次考成整个训练集进行权重更新",
                        "answer": true
                    }
                ],
                "userExercise": null,
                "titleScore": 6.00
            },
            {
                "id": 264,
                "createdDate": null,
                "lastModifiedDate": null,
                "version": null,
                "content": "在神经网络中，下列哪种技术用于解决过拟合?",
                "exerciseAnalysis": "",
                "type": "MULTIPLE_CHOICE",
                "schoolId": null,
                "subjectId": null,
                "score": null,
                "complexity": null,
                "beAdopted": null,
                "enabled": null,
                "multipleChoices": [
                    {
                        "id": 211,
                        "createdDate": null,
                        "lastModifiedDate": null,
                        "version": null,
                        "exerciseId": null,
                        "option": "A",
                        "content": "Dropout",
                        "answer": true
                    },
                    {
                        "id": 212,
                        "createdDate": null,
                        "lastModifiedDate": null,
                        "version": null,
                        "exerciseId": null,
                        "option": "B",
                        "content": "weight decay",
                        "answer": true
                    },
                    {
                        "id": 213,
                        "createdDate": null,
                        "lastModifiedDate": null,
                        "version": null,
                        "exerciseId": null,
                        "option": "C",
                        "content": "Batch Normalizaiton",
                        "answer": true
                    },
                    {
                        "id": 214,
                        "createdDate": null,
                        "lastModifiedDate": null,
                        "version": null,
                        "exerciseId": null,
                        "option": "D",
                        "content": "Data Augmentation",
                        "answer": true
                    }
                ],
                "userExercise": null,
                "titleScore": 6.00
            },
            {
                "id": 265,
                "createdDate": null,
                "lastModifiedDate": null,
                "version": null,
                "content": "反卷积有哪些用途?",
                "exerciseAnalysis": "",
                "type": "MULTIPLE_CHOICE",
                "schoolId": null,
                "subjectId": null,
                "score": null,
                "complexity": null,
                "beAdopted": null,
                "enabled": null,
                "multipleChoices": [
                    {
                        "id": 215,
                        "createdDate": null,
                        "lastModifiedDate": null,
                        "version": null,
                        "exerciseId": null,
                        "option": "A",
                        "content": "近似重构输入图像",
                        "answer": true
                    },
                    {
                        "id": 216,
                        "createdDate": null,
                        "lastModifiedDate": null,
                        "version": null,
                        "exerciseId": null,
                        "option": "B",
                        "content": "实现上采样",
                        "answer": true
                    },
                    {
                        "id": 217,
                        "createdDate": null,
                        "lastModifiedDate": null,
                        "version": null,
                        "exerciseId": null,
                        "option": "C",
                        "content": "减半高宽",
                        "answer": false
                    },
                    {
                        "id": 218,
                        "createdDate": null,
                        "lastModifiedDate": null,
                        "version": null,
                        "exerciseId": null,
                        "option": "D",
                        "content": "增大输入高宽",
                        "answer": true
                    }
                ],
                "userExercise": null,
                "titleScore": 6.00
            }
        ],
        "judges": [
            {
                "id": 266,
                "createdDate": null,
                "lastModifiedDate": null,
                "version": null,
                "content": "特征提取器最初提取到的是图像的整体特征，继而是物体的部分信息，最后提取到的是物体的边缘特征。",
                "exerciseAnalysis": "",
                "type": "JUDGE",
                "schoolId": null,
                "subjectId": null,
                "score": null,
                "complexity": null,
                "beAdopted": null,
                "enabled": null,
                "userExercise": null,
                "judge": {
                    "id": null,
                    "createdDate": null,
                    "lastModifiedDate": null,
                    "version": null,
                    "exerciseId": null,
                    "correct": false
                },
                "titleScore": 1.00
            },
            {
                "id": 267,
                "createdDate": null,
                "lastModifiedDate": null,
                "version": null,
                "content": "图像分割就是把图像分成若干个特定的、具有独特性质的区域并提出感兴趣目标的技术和过程。",
                "exerciseAnalysis": "",
                "type": "JUDGE",
                "schoolId": null,
                "subjectId": null,
                "score": null,
                "complexity": null,
                "beAdopted": null,
                "enabled": null,
                "userExercise": null,
                "judge": {
                    "id": null,
                    "createdDate": null,
                    "lastModifiedDate": null,
                    "version": null,
                    "exerciseId": null,
                    "correct": true
                },
                "titleScore": 1.00
            },
            {
                "id": 268,
                "createdDate": null,
                "lastModifiedDate": null,
                "version": null,
                "content": "NMS可以看做是局部最小值的搜索问题。即通过lOU计算分数最高的框，然后将与最高分数框有太多重合的部分的框都去掉，这样就可以去掉那些不准确的框。",
                "exerciseAnalysis": "",
                "type": "JUDGE",
                "schoolId": null,
                "subjectId": null,
                "score": null,
                "complexity": null,
                "beAdopted": null,
                "enabled": null,
                "userExercise": null,
                "judge": {
                    "id": null,
                    "createdDate": null,
                    "lastModifiedDate": null,
                    "version": null,
                    "exerciseId": null,
                    "correct": false
                },
                "titleScore": 1.00
            },
            {
                "id": 269,
                "createdDate": null,
                "lastModifiedDate": null,
                "version": null,
                "content": "假设我们已经在lmaqeNet数据集上训练好了一个卷积神经网络(分类)，然后给这张卷积神经网络输入一张全白的图片，在这种特殊条件下，对于这个输入的输出结果为任何种类的物体的可能性都是一样的。",
                "exerciseAnalysis": "",
                "type": "JUDGE",
                "schoolId": null,
                "subjectId": null,
                "score": null,
                "complexity": null,
                "beAdopted": null,
                "enabled": null,
                "userExercise": null,
                "judge": {
                    "id": null,
                    "createdDate": null,
                    "lastModifiedDate": null,
                    "version": null,
                    "exerciseId": null,
                    "correct": false
                },
                "titleScore": 1.00
            },
            {
                "id": 270,
                "createdDate": null,
                "lastModifiedDate": null,
                "version": null,
                "content": "Faster R-CNN将FastR-CNN中使用的选择性搜索替换为参与训练的区域提议网络，这样后者可以在减少提议区域数量的情况下仍保证目标检测的精度。",
                "exerciseAnalysis": "",
                "type": "JUDGE",
                "schoolId": null,
                "subjectId": null,
                "score": null,
                "complexity": null,
                "beAdopted": null,
                "enabled": null,
                "userExercise": null,
                "judge": {
                    "id": null,
                    "createdDate": null,
                    "lastModifiedDate": null,
                    "version": null,
                    "exerciseId": null,
                    "correct": true
                },
                "titleScore": 1.00
            },
            {
                "id": 271,
                "createdDate": null,
                "lastModifiedDate": null,
                "version": null,
                "content": "为了求得最小化目标函数的解析解，我们将通过优化算法有限次迭代模型参数来尽可能降低损失函数的值。",
                "exerciseAnalysis": "",
                "type": "JUDGE",
                "schoolId": null,
                "subjectId": null,
                "score": null,
                "complexity": null,
                "beAdopted": null,
                "enabled": null,
                "userExercise": null,
                "judge": {
                    "id": null,
                    "createdDate": null,
                    "lastModifiedDate": null,
                    "version": null,
                    "exerciseId": null,
                    "correct": false
                },
                "titleScore": 1.00
            },
            {
                "id": 272,
                "createdDate": null,
                "lastModifiedDate": null,
                "version": null,
                "content": "增加卷积核的大小对于改进卷积神经网络的效果是必要的。",
                "exerciseAnalysis": "",
                "type": "JUDGE",
                "schoolId": null,
                "subjectId": null,
                "score": null,
                "complexity": null,
                "beAdopted": null,
                "enabled": null,
                "userExercise": null,
                "judge": {
                    "id": null,
                    "createdDate": null,
                    "lastModifiedDate": null,
                    "version": null,
                    "exerciseId": null,
                    "correct": false
                },
                "titleScore": 1.00
            }
        ],
        "shortAnswerVOS": [],
        "completionVOS": [],
        "uncertainChoiceVOS": [],
        "scoreRulesCompletion": null,
        "scoreRulesShortAnswer": null,
        "scoreRulesJudges": {
            "id": 122,
            "createdDate": "2022-10-18T14:43:41",
            "lastModifiedDate": "2022-10-18T14:43:41",
            "version": 1,
            "examinationId": 66,
            "questionType": "JUDGE",
            "score": 1.00,
            "topicNumber": 7,
            "totalPoints": 7.00,
            "numberBlank": 0,
            "scoreSort": 4,
            "setMethod": "BATCH_SETTING"
        },
        "scoreRulesUncertainChoice": null,
        "scoreRulesSingleChoices": {
            "id": 120,
            "createdDate": "2022-10-18T14:43:41",
            "lastModifiedDate": "2022-10-18T14:43:41",
            "version": 1,
            "examinationId": 66,
            "questionType": "SINGLE_CHOICE",
            "score": 3.00,
            "topicNumber": 15,
            "totalPoints": 45.00,
            "numberBlank": 0,
            "scoreSort": 1,
            "setMethod": "BATCH_SETTING"
        },
        "scoreRulesMultipleChoices": {
            "id": 121,
            "createdDate": "2022-10-18T14:43:41",
            "lastModifiedDate": "2022-10-18T14:43:41",
            "version": 1,
            "examinationId": 66,
            "questionType": "MULTIPLE_CHOICE",
            "score": 6.00,
            "topicNumber": 8,
            "totalPoints": 48.00,
            "numberBlank": 0,
            "scoreSort": 2,
            "setMethod": "BATCH_SETTING"
        }
    }
}