{
    "data": {
        "singleChoices": [
            {
                "id": 110,
                "createdDate": null,
                "lastModifiedDate": null,
                "version": null,
                "content": "机器学习，深度学习，人工智能三个概念的关系是?",
                "exerciseAnalysis": "",
                "type": "SINGLE_CHOICE",
                "schoolId": null,
                "subjectId": null,
                "score": null,
                "complexity": null,
                "beAdopted": null,
                "enabled": null,
                "userExercise": null,
                "singleChoices": [
                    {
                        "id": 173,
                        "createdDate": null,
                        "lastModifiedDate": null,
                        "version": null,
                        "exerciseId": null,
                        "option": "A",
                        "content": "1>2>3",
                        "answer": false
                    },
                    {
                        "id": 174,
                        "createdDate": null,
                        "lastModifiedDate": null,
                        "version": null,
                        "exerciseId": null,
                        "option": "B",
                        "content": "2<1<3",
                        "answer": true
                    },
                    {
                        "id": 175,
                        "createdDate": null,
                        "lastModifiedDate": null,
                        "version": null,
                        "exerciseId": null,
                        "option": "C",
                        "content": "1<2<3",
                        "answer": false
                    },
                    {
                        "id": 176,
                        "createdDate": null,
                        "lastModifiedDate": null,
                        "version": null,
                        "exerciseId": null,
                        "option": "D",
                        "content": "1=2=3",
                        "answer": false
                    }
                ],
                "titleScore": 2.50
            },
            {
                "id": 111,
                "createdDate": null,
                "lastModifiedDate": null,
                "version": null,
                "content": "想费制作类似于淘宝的自动打标签模型，优先可以选择的基础模型为?",
                "exerciseAnalysis": "",
                "type": "SINGLE_CHOICE",
                "schoolId": null,
                "subjectId": null,
                "score": null,
                "complexity": null,
                "beAdopted": null,
                "enabled": null,
                "userExercise": null,
                "singleChoices": [
                    {
                        "id": 177,
                        "createdDate": null,
                        "lastModifiedDate": null,
                        "version": null,
                        "exerciseId": null,
                        "option": "A",
                        "content": "物体检测",
                        "answer": false
                    },
                    {
                        "id": 178,
                        "createdDate": null,
                        "lastModifiedDate": null,
                        "version": null,
                        "exerciseId": null,
                        "option": "B",
                        "content": "图像分割",
                        "answer": false
                    },
                    {
                        "id": 179,
                        "createdDate": null,
                        "lastModifiedDate": null,
                        "version": null,
                        "exerciseId": null,
                        "option": "C",
                        "content": "声音分类",
                        "answer": false
                    },
                    {
                        "id": 180,
                        "createdDate": null,
                        "lastModifiedDate": null,
                        "version": null,
                        "exerciseId": null,
                        "option": "D",
                        "content": "图像分类",
                        "answer": true
                    }
                ],
                "titleScore": 2.50
            },
            {
                "id": 112,
                "createdDate": null,
                "lastModifiedDate": null,
                "version": null,
                "content": "对生产环境现场做安全些监控，优先可以选择的基础模型为？",
                "exerciseAnalysis": "",
                "type": "SINGLE_CHOICE",
                "schoolId": null,
                "subjectId": null,
                "score": null,
                "complexity": null,
                "beAdopted": null,
                "enabled": null,
                "userExercise": null,
                "singleChoices": [
                    {
                        "id": 181,
                        "createdDate": null,
                        "lastModifiedDate": null,
                        "version": null,
                        "exerciseId": null,
                        "option": "A",
                        "content": "物体检测",
                        "answer": true
                    },
                    {
                        "id": 182,
                        "createdDate": null,
                        "lastModifiedDate": null,
                        "version": null,
                        "exerciseId": null,
                        "option": "B",
                        "content": "图像分割",
                        "answer": false
                    },
                    {
                        "id": 183,
                        "createdDate": null,
                        "lastModifiedDate": null,
                        "version": null,
                        "exerciseId": null,
                        "option": "C",
                        "content": "声音分类",
                        "answer": false
                    },
                    {
                        "id": 184,
                        "createdDate": null,
                        "lastModifiedDate": null,
                        "version": null,
                        "exerciseId": null,
                        "option": "D",
                        "content": "图像分类",
                        "answer": false
                    }
                ],
                "titleScore": 2.50
            },
            {
                "id": 113,
                "createdDate": null,
                "lastModifiedDate": null,
                "version": null,
                "content": "在控制台中，AK与SK分别是由几位数字和字母的组合构成？",
                "exerciseAnalysis": "",
                "type": "SINGLE_CHOICE",
                "schoolId": null,
                "subjectId": null,
                "score": null,
                "complexity": null,
                "beAdopted": null,
                "enabled": null,
                "userExercise": null,
                "singleChoices": [
                    {
                        "id": 185,
                        "createdDate": null,
                        "lastModifiedDate": null,
                        "version": null,
                        "exerciseId": null,
                        "option": "A",
                        "content": "11-22",
                        "answer": false
                    },
                    {
                        "id": 186,
                        "createdDate": null,
                        "lastModifiedDate": null,
                        "version": null,
                        "exerciseId": null,
                        "option": "B",
                        "content": "24-32",
                        "answer": true
                    },
                    {
                        "id": 187,
                        "createdDate": null,
                        "lastModifiedDate": null,
                        "version": null,
                        "exerciseId": null,
                        "option": "C",
                        "content": "22-32",
                        "answer": false
                    },
                    {
                        "id": 188,
                        "createdDate": null,
                        "lastModifiedDate": null,
                        "version": null,
                        "exerciseId": null,
                        "option": "D",
                        "content": "11-24",
                        "answer": false
                    }
                ],
                "titleScore": 2.50
            },
            {
                "id": 114,
                "createdDate": null,
                "lastModifiedDate": null,
                "version": null,
                "content": "通常一个模型第一次训练完成之后，我们可以对它进行什么操作？",
                "exerciseAnalysis": "",
                "type": "SINGLE_CHOICE",
                "schoolId": null,
                "subjectId": null,
                "score": null,
                "complexity": null,
                "beAdopted": null,
                "enabled": null,
                "userExercise": null,
                "singleChoices": [
                    {
                        "id": 189,
                        "createdDate": null,
                        "lastModifiedDate": null,
                        "version": null,
                        "exerciseId": null,
                        "option": "A",
                        "content": "发布模型",
                        "answer": false
                    },
                    {
                        "id": 190,
                        "createdDate": null,
                        "lastModifiedDate": null,
                        "version": null,
                        "exerciseId": null,
                        "option": "B",
                        "content": "验证API接口",
                        "answer": false
                    },
                    {
                        "id": 191,
                        "createdDate": null,
                        "lastModifiedDate": null,
                        "version": null,
                        "exerciseId": null,
                        "option": "C",
                        "content": "校验模型",
                        "answer": true
                    },
                    {
                        "id": 192,
                        "createdDate": null,
                        "lastModifiedDate": null,
                        "version": null,
                        "exerciseId": null,
                        "option": "D",
                        "content": "清洗数据",
                        "answer": false
                    }
                ],
                "titleScore": 2.50
            },
            {
                "id": 115,
                "createdDate": null,
                "lastModifiedDate": null,
                "version": null,
                "content": "对于已经发布的模型，我们可以在以下哪个位置查看到接口地址信息？",
                "exerciseAnalysis": "",
                "type": "SINGLE_CHOICE",
                "schoolId": null,
                "subjectId": null,
                "score": null,
                "complexity": null,
                "beAdopted": null,
                "enabled": null,
                "userExercise": null,
                "singleChoices": [
                    {
                        "id": 193,
                        "createdDate": null,
                        "lastModifiedDate": null,
                        "version": null,
                        "exerciseId": null,
                        "option": "A",
                        "content": "查看版本配置",
                        "answer": false
                    },
                    {
                        "id": 194,
                        "createdDate": null,
                        "lastModifiedDate": null,
                        "version": null,
                        "exerciseId": null,
                        "option": "B",
                        "content": "校验",
                        "answer": false
                    },
                    {
                        "id": 195,
                        "createdDate": null,
                        "lastModifiedDate": null,
                        "version": null,
                        "exerciseId": null,
                        "option": "C",
                        "content": "服务详情",
                        "answer": true
                    },
                    {
                        "id": 196,
                        "createdDate": null,
                        "lastModifiedDate": null,
                        "version": null,
                        "exerciseId": null,
                        "option": "D",
                        "content": "体验H5",
                        "answer": false
                    }
                ],
                "titleScore": 2.50
            },
            {
                "id": 116,
                "createdDate": null,
                "lastModifiedDate": null,
                "version": null,
                "content": "同学小明使用矩形框圈画出物体之后，发现矩形框整体呈现红色，这最有可能是什么原因造成的？",
                "exerciseAnalysis": "",
                "type": "SINGLE_CHOICE",
                "schoolId": null,
                "subjectId": null,
                "score": null,
                "complexity": null,
                "beAdopted": null,
                "enabled": null,
                "userExercise": null,
                "singleChoices": [
                    {
                        "id": 197,
                        "createdDate": null,
                        "lastModifiedDate": null,
                        "version": null,
                        "exerciseId": null,
                        "option": "A",
                        "content": "设置了红色的矩形框颜色",
                        "answer": true
                    },
                    {
                        "id": 198,
                        "createdDate": null,
                        "lastModifiedDate": null,
                        "version": null,
                        "exerciseId": null,
                        "option": "B",
                        "content": "圈画的不符合规范",
                        "answer": false
                    },
                    {
                        "id": 199,
                        "createdDate": null,
                        "lastModifiedDate": null,
                        "version": null,
                        "exerciseId": null,
                        "option": "C",
                        "content": "忘记打上标签",
                        "answer": false
                    },
                    {
                        "id": 200,
                        "createdDate": null,
                        "lastModifiedDate": null,
                        "version": null,
                        "exerciseId": null,
                        "option": "D",
                        "content": "设置了红色的标签文字",
                        "answer": false
                    }
                ],
                "titleScore": 2.50
            },
            {
                "id": 117,
                "createdDate": null,
                "lastModifiedDate": null,
                "version": null,
                "content": "我们使用验证集的目的是？",
                "exerciseAnalysis": "",
                "type": "SINGLE_CHOICE",
                "schoolId": null,
                "subjectId": null,
                "score": null,
                "complexity": null,
                "beAdopted": null,
                "enabled": null,
                "userExercise": null,
                "singleChoices": [
                    {
                        "id": 201,
                        "createdDate": null,
                        "lastModifiedDate": null,
                        "version": null,
                        "exerciseId": null,
                        "option": "A",
                        "content": "直接使用验证集来训练模型",
                        "answer": false
                    },
                    {
                        "id": 202,
                        "createdDate": null,
                        "lastModifiedDate": null,
                        "version": null,
                        "exerciseId": null,
                        "option": "B",
                        "content": "验证最优模型在实际场景中的效果",
                        "answer": false
                    },
                    {
                        "id": 203,
                        "createdDate": null,
                        "lastModifiedDate": null,
                        "version": null,
                        "exerciseId": null,
                        "option": "C",
                        "content": "验证模型的有效性，挑选最优模型",
                        "answer": true
                    },
                    {
                        "id": 204,
                        "createdDate": null,
                        "lastModifiedDate": null,
                        "version": null,
                        "exerciseId": null,
                        "option": "D",
                        "content": "验证集不必上传，因此它没什么作用",
                        "answer": false
                    }
                ],
                "titleScore": 2.50
            },
            {
                "id": 118,
                "createdDate": null,
                "lastModifiedDate": null,
                "version": null,
                "content": "模型的版本号：V2代表的时什么意思？",
                "exerciseAnalysis": "",
                "type": "SINGLE_CHOICE",
                "schoolId": null,
                "subjectId": null,
                "score": null,
                "complexity": null,
                "beAdopted": null,
                "enabled": null,
                "userExercise": null,
                "singleChoices": [
                    {
                        "id": 205,
                        "createdDate": null,
                        "lastModifiedDate": null,
                        "version": null,
                        "exerciseId": null,
                        "option": "A",
                        "content": "模型经过校验的次数",
                        "answer": false
                    },
                    {
                        "id": 206,
                        "createdDate": null,
                        "lastModifiedDate": null,
                        "version": null,
                        "exerciseId": null,
                        "option": "B",
                        "content": "模型的精度",
                        "answer": false
                    },
                    {
                        "id": 207,
                        "createdDate": null,
                        "lastModifiedDate": null,
                        "version": null,
                        "exerciseId": null,
                        "option": "C",
                        "content": "模型的训练次数",
                        "answer": true
                    },
                    {
                        "id": 208,
                        "createdDate": null,
                        "lastModifiedDate": null,
                        "version": null,
                        "exerciseId": null,
                        "option": "D",
                        "content": "模型中训练数据集的个数",
                        "answer": false
                    }
                ],
                "titleScore": 2.50
            },
            {
                "id": 119,
                "createdDate": null,
                "lastModifiedDate": null,
                "version": null,
                "content": "我们拿到一个业务需求之后，首先第一步应该做什么？",
                "exerciseAnalysis": "",
                "type": "SINGLE_CHOICE",
                "schoolId": null,
                "subjectId": null,
                "score": null,
                "complexity": null,
                "beAdopted": null,
                "enabled": null,
                "userExercise": null,
                "singleChoices": [
                    {
                        "id": 209,
                        "createdDate": null,
                        "lastModifiedDate": null,
                        "version": null,
                        "exerciseId": null,
                        "option": "A",
                        "content": "收集数据",
                        "answer": false
                    },
                    {
                        "id": 210,
                        "createdDate": null,
                        "lastModifiedDate": null,
                        "version": null,
                        "exerciseId": null,
                        "option": "B",
                        "content": "列好计划表",
                        "answer": false
                    },
                    {
                        "id": 211,
                        "createdDate": null,
                        "lastModifiedDate": null,
                        "version": null,
                        "exerciseId": null,
                        "option": "C",
                        "content": "训练模型",
                        "answer": false
                    },
                    {
                        "id": 212,
                        "createdDate": null,
                        "lastModifiedDate": null,
                        "version": null,
                        "exerciseId": null,
                        "option": "D",
                        "content": "分析需求",
                        "answer": true
                    }
                ],
                "titleScore": 2.50
            },
            {
                "id": 120,
                "createdDate": null,
                "lastModifiedDate": null,
                "version": null,
                "content": "为研究科研方向的鸟类叫声，优先可以选择的基础模型为？",
                "exerciseAnalysis": "",
                "type": "SINGLE_CHOICE",
                "schoolId": null,
                "subjectId": null,
                "score": null,
                "complexity": null,
                "beAdopted": null,
                "enabled": null,
                "userExercise": null,
                "singleChoices": [
                    {
                        "id": 213,
                        "createdDate": null,
                        "lastModifiedDate": null,
                        "version": null,
                        "exerciseId": null,
                        "option": "A",
                        "content": "声音分类",
                        "answer": true
                    },
                    {
                        "id": 214,
                        "createdDate": null,
                        "lastModifiedDate": null,
                        "version": null,
                        "exerciseId": null,
                        "option": "B",
                        "content": "图像分类",
                        "answer": false
                    },
                    {
                        "id": 215,
                        "createdDate": null,
                        "lastModifiedDate": null,
                        "version": null,
                        "exerciseId": null,
                        "option": "C",
                        "content": "文本分类",
                        "answer": false
                    },
                    {
                        "id": 216,
                        "createdDate": null,
                        "lastModifiedDate": null,
                        "version": null,
                        "exerciseId": null,
                        "option": "D",
                        "content": "视频分类",
                        "answer": false
                    }
                ],
                "titleScore": 2.50
            },
            {
                "id": 121,
                "createdDate": null,
                "lastModifiedDate": null,
                "version": null,
                "content": "某互联网公司想要分析短视频的内容，针对短视频内容来判断用户的使用倾向，针对性地推送视频和投放广告。针对这一需求，我们可以使用下列中哪一模型来实现？",
                "exerciseAnalysis": "",
                "type": "SINGLE_CHOICE",
                "schoolId": null,
                "subjectId": null,
                "score": null,
                "complexity": null,
                "beAdopted": null,
                "enabled": null,
                "userExercise": null,
                "singleChoices": [
                    {
                        "id": 217,
                        "createdDate": null,
                        "lastModifiedDate": null,
                        "version": null,
                        "exerciseId": null,
                        "option": "A",
                        "content": "声音分类",
                        "answer": false
                    },
                    {
                        "id": 218,
                        "createdDate": null,
                        "lastModifiedDate": null,
                        "version": null,
                        "exerciseId": null,
                        "option": "B",
                        "content": "视频分类",
                        "answer": true
                    },
                    {
                        "id": 219,
                        "createdDate": null,
                        "lastModifiedDate": null,
                        "version": null,
                        "exerciseId": null,
                        "option": "C",
                        "content": "文本分类",
                        "answer": false
                    },
                    {
                        "id": 220,
                        "createdDate": null,
                        "lastModifiedDate": null,
                        "version": null,
                        "exerciseId": null,
                        "option": "D",
                        "content": "图像分割",
                        "answer": false
                    }
                ],
                "titleScore": 2.50
            },
            {
                "id": 122,
                "createdDate": null,
                "lastModifiedDate": null,
                "version": null,
                "content": "上传完的数据集可以从EasyDL的界面哪里找到？",
                "exerciseAnalysis": "",
                "type": "SINGLE_CHOICE",
                "schoolId": null,
                "subjectId": null,
                "score": null,
                "complexity": null,
                "beAdopted": null,
                "enabled": null,
                "userExercise": null,
                "singleChoices": [
                    {
                        "id": 221,
                        "createdDate": null,
                        "lastModifiedDate": null,
                        "version": null,
                        "exerciseId": null,
                        "option": "A",
                        "content": "我的模型",
                        "answer": false
                    },
                    {
                        "id": 222,
                        "createdDate": null,
                        "lastModifiedDate": null,
                        "version": null,
                        "exerciseId": null,
                        "option": "B",
                        "content": "标签组管理",
                        "answer": false
                    },
                    {
                        "id": 223,
                        "createdDate": null,
                        "lastModifiedDate": null,
                        "version": null,
                        "exerciseId": null,
                        "option": "C",
                        "content": "数据总览",
                        "answer": true
                    },
                    {
                        "id": 224,
                        "createdDate": null,
                        "lastModifiedDate": null,
                        "version": null,
                        "exerciseId": null,
                        "option": "D",
                        "content": "在线服务",
                        "answer": false
                    }
                ],
                "titleScore": 2.50
            }
        ],
        "multipleChoices": [
            {
                "id": 123,
                "createdDate": null,
                "lastModifiedDate": null,
                "version": null,
                "content": "以下哪些步骤可以使用EasyDL平台来实现？",
                "exerciseAnalysis": "",
                "type": "MULTIPLE_CHOICE",
                "schoolId": null,
                "subjectId": null,
                "score": null,
                "complexity": null,
                "beAdopted": null,
                "enabled": null,
                "multipleChoices": [
                    {
                        "id": 62,
                        "createdDate": null,
                        "lastModifiedDate": null,
                        "version": null,
                        "exerciseId": null,
                        "option": "A",
                        "content": "创建模型",
                        "answer": true
                    },
                    {
                        "id": 63,
                        "createdDate": null,
                        "lastModifiedDate": null,
                        "version": null,
                        "exerciseId": null,
                        "option": "B",
                        "content": "校验模型",
                        "answer": true
                    },
                    {
                        "id": 64,
                        "createdDate": null,
                        "lastModifiedDate": null,
                        "version": null,
                        "exerciseId": null,
                        "option": "C",
                        "content": "训练模型",
                        "answer": true
                    },
                    {
                        "id": 65,
                        "createdDate": null,
                        "lastModifiedDate": null,
                        "version": null,
                        "exerciseId": null,
                        "option": "D",
                        "content": "发布模型",
                        "answer": true
                    }
                ],
                "userExercise": null,
                "titleScore": 2.50
            },
            {
                "id": 124,
                "createdDate": null,
                "lastModifiedDate": null,
                "version": null,
                "content": "以下属于计算机视觉经典任务的是？",
                "exerciseAnalysis": "",
                "type": "MULTIPLE_CHOICE",
                "schoolId": null,
                "subjectId": null,
                "score": null,
                "complexity": null,
                "beAdopted": null,
                "enabled": null,
                "multipleChoices": [
                    {
                        "id": 66,
                        "createdDate": null,
                        "lastModifiedDate": null,
                        "version": null,
                        "exerciseId": null,
                        "option": "A",
                        "content": "目标检测",
                        "answer": true
                    },
                    {
                        "id": 67,
                        "createdDate": null,
                        "lastModifiedDate": null,
                        "version": null,
                        "exerciseId": null,
                        "option": "B",
                        "content": "实例分割",
                        "answer": true
                    },
                    {
                        "id": 68,
                        "createdDate": null,
                        "lastModifiedDate": null,
                        "version": null,
                        "exerciseId": null,
                        "option": "C",
                        "content": "语义分割",
                        "answer": true
                    },
                    {
                        "id": 69,
                        "createdDate": null,
                        "lastModifiedDate": null,
                        "version": null,
                        "exerciseId": null,
                        "option": "D",
                        "content": "图像分类",
                        "answer": true
                    }
                ],
                "userExercise": null,
                "titleScore": 2.50
            },
            {
                "id": 125,
                "createdDate": null,
                "lastModifiedDate": null,
                "version": null,
                "content": "EasyDL平台提供了多种标注方法，包括？",
                "exerciseAnalysis": "",
                "type": "MULTIPLE_CHOICE",
                "schoolId": null,
                "subjectId": null,
                "score": null,
                "complexity": null,
                "beAdopted": null,
                "enabled": null,
                "multipleChoices": [
                    {
                        "id": 70,
                        "createdDate": null,
                        "lastModifiedDate": null,
                        "version": null,
                        "exerciseId": null,
                        "option": "A",
                        "content": "在线标注",
                        "answer": true
                    },
                    {
                        "id": 71,
                        "createdDate": null,
                        "lastModifiedDate": null,
                        "version": null,
                        "exerciseId": null,
                        "option": "B",
                        "content": "智能标注",
                        "answer": true
                    },
                    {
                        "id": 72,
                        "createdDate": null,
                        "lastModifiedDate": null,
                        "version": null,
                        "exerciseId": null,
                        "option": "C",
                        "content": "多人标注",
                        "answer": true
                    },
                    {
                        "id": 73,
                        "createdDate": null,
                        "lastModifiedDate": null,
                        "version": null,
                        "exerciseId": null,
                        "option": "D",
                        "content": "小组标注",
                        "answer": false
                    }
                ],
                "userExercise": null,
                "titleScore": 2.50
            },
            {
                "id": 126,
                "createdDate": null,
                "lastModifiedDate": null,
                "version": null,
                "content": "下列哪项技术可以将物体的位置标注出来？",
                "exerciseAnalysis": "",
                "type": "MULTIPLE_CHOICE",
                "schoolId": null,
                "subjectId": null,
                "score": null,
                "complexity": null,
                "beAdopted": null,
                "enabled": null,
                "multipleChoices": [
                    {
                        "id": 74,
                        "createdDate": null,
                        "lastModifiedDate": null,
                        "version": null,
                        "exerciseId": null,
                        "option": "A",
                        "content": "物体检测",
                        "answer": true
                    },
                    {
                        "id": 75,
                        "createdDate": null,
                        "lastModifiedDate": null,
                        "version": null,
                        "exerciseId": null,
                        "option": "B",
                        "content": "图像分割",
                        "answer": true
                    },
                    {
                        "id": 76,
                        "createdDate": null,
                        "lastModifiedDate": null,
                        "version": null,
                        "exerciseId": null,
                        "option": "C",
                        "content": "声音分类",
                        "answer": false
                    },
                    {
                        "id": 77,
                        "createdDate": null,
                        "lastModifiedDate": null,
                        "version": null,
                        "exerciseId": null,
                        "option": "D",
                        "content": "图像分类",
                        "answer": true
                    },
                    {
                        "id": 78,
                        "createdDate": null,
                        "lastModifiedDate": null,
                        "version": null,
                        "exerciseId": null,
                        "option": "E",
                        "content": "文本分类",
                        "answer": false
                    },
                    {
                        "id": 79,
                        "createdDate": null,
                        "lastModifiedDate": null,
                        "version": null,
                        "exerciseId": null,
                        "option": "F",
                        "content": "视频分类",
                        "answer": false
                    }
                ],
                "userExercise": null,
                "titleScore": 2.50
            },
            {
                "id": 127,
                "createdDate": null,
                "lastModifiedDate": null,
                "version": null,
                "content": "数据集有标注信息上传的方式有哪些？",
                "exerciseAnalysis": "",
                "type": "MULTIPLE_CHOICE",
                "schoolId": null,
                "subjectId": null,
                "score": null,
                "complexity": null,
                "beAdopted": null,
                "enabled": null,
                "multipleChoices": [
                    {
                        "id": 80,
                        "createdDate": null,
                        "lastModifiedDate": null,
                        "version": null,
                        "exerciseId": null,
                        "option": "A",
                        "content": "json",
                        "answer": true
                    },
                    {
                        "id": 81,
                        "createdDate": null,
                        "lastModifiedDate": null,
                        "version": null,
                        "exerciseId": null,
                        "option": "B",
                        "content": "xml",
                        "answer": true
                    },
                    {
                        "id": 82,
                        "createdDate": null,
                        "lastModifiedDate": null,
                        "version": null,
                        "exerciseId": null,
                        "option": "C",
                        "content": "文件夹命名",
                        "answer": true
                    },
                    {
                        "id": 83,
                        "createdDate": null,
                        "lastModifiedDate": null,
                        "version": null,
                        "exerciseId": null,
                        "option": "D",
                        "content": "webp",
                        "answer": false
                    },
                    {
                        "id": 84,
                        "createdDate": null,
                        "lastModifiedDate": null,
                        "version": null,
                        "exerciseId": null,
                        "option": "E",
                        "content": "coco",
                        "answer": true
                    }
                ],
                "userExercise": null,
                "titleScore": 2.50
            },
            {
                "id": 128,
                "createdDate": null,
                "lastModifiedDate": null,
                "version": null,
                "content": "以下哪些属于图像分类部分导入数据时，可以选择的有标注信息的数据集的标注格式？",
                "exerciseAnalysis": "",
                "type": "MULTIPLE_CHOICE",
                "schoolId": null,
                "subjectId": null,
                "score": null,
                "complexity": null,
                "beAdopted": null,
                "enabled": null,
                "multipleChoices": [
                    {
                        "id": 85,
                        "createdDate": null,
                        "lastModifiedDate": null,
                        "version": null,
                        "exerciseId": null,
                        "option": "A",
                        "content": "json",
                        "answer": true
                    },
                    {
                        "id": 86,
                        "createdDate": null,
                        "lastModifiedDate": null,
                        "version": null,
                        "exerciseId": null,
                        "option": "B",
                        "content": "voc",
                        "answer": true
                    },
                    {
                        "id": 87,
                        "createdDate": null,
                        "lastModifiedDate": null,
                        "version": null,
                        "exerciseId": null,
                        "option": "C",
                        "content": "文件夹命名",
                        "answer": true
                    },
                    {
                        "id": 88,
                        "createdDate": null,
                        "lastModifiedDate": null,
                        "version": null,
                        "exerciseId": null,
                        "option": "D",
                        "content": "coco",
                        "answer": true
                    }
                ],
                "userExercise": null,
                "titleScore": 2.50
            },
            {
                "id": 129,
                "createdDate": null,
                "lastModifiedDate": null,
                "version": null,
                "content": "在对物体检测的图片进行标注时，以下哪些操作是没有问题的？",
                "exerciseAnalysis": "",
                "type": "MULTIPLE_CHOICE",
                "schoolId": null,
                "subjectId": null,
                "score": null,
                "complexity": null,
                "beAdopted": null,
                "enabled": null,
                "multipleChoices": [
                    {
                        "id": 89,
                        "createdDate": null,
                        "lastModifiedDate": null,
                        "version": null,
                        "exerciseId": null,
                        "option": "A",
                        "content": "标注时不同物体的矩形框交叠在一起",
                        "answer": true
                    },
                    {
                        "id": 90,
                        "createdDate": null,
                        "lastModifiedDate": null,
                        "version": null,
                        "exerciseId": null,
                        "option": "B",
                        "content": "标注时使用大的矩形框，连带着背景一起框起来",
                        "answer": false
                    },
                    {
                        "id": 91,
                        "createdDate": null,
                        "lastModifiedDate": null,
                        "version": null,
                        "exerciseId": null,
                        "option": "C",
                        "content": "标注时多个同类物体使用一个矩形框进行标注",
                        "answer": false
                    },
                    {
                        "id": 92,
                        "createdDate": null,
                        "lastModifiedDate": null,
                        "version": null,
                        "exerciseId": null,
                        "option": "D",
                        "content": "标注时每一个物体都单独使用一个矩形框进行标注",
                        "answer": true
                    }
                ],
                "userExercise": null,
                "titleScore": 2.50
            },
            {
                "id": 130,
                "createdDate": null,
                "lastModifiedDate": null,
                "version": null,
                "content": "以下哪些属于图像分割部分导入数据时，可以选择的有标注信息的数据集的标注格式？",
                "exerciseAnalysis": "",
                "type": "MULTIPLE_CHOICE",
                "schoolId": null,
                "subjectId": null,
                "score": null,
                "complexity": null,
                "beAdopted": null,
                "enabled": null,
                "multipleChoices": [
                    {
                        "id": 93,
                        "createdDate": null,
                        "lastModifiedDate": null,
                        "version": null,
                        "exerciseId": null,
                        "option": "A",
                        "content": "json",
                        "answer": true
                    },
                    {
                        "id": 94,
                        "createdDate": null,
                        "lastModifiedDate": null,
                        "version": null,
                        "exerciseId": null,
                        "option": "B",
                        "content": "xml",
                        "answer": false
                    },
                    {
                        "id": 95,
                        "createdDate": null,
                        "lastModifiedDate": null,
                        "version": null,
                        "exerciseId": null,
                        "option": "C",
                        "content": "文件夹命名",
                        "answer": false
                    },
                    {
                        "id": 96,
                        "createdDate": null,
                        "lastModifiedDate": null,
                        "version": null,
                        "exerciseId": null,
                        "option": "D",
                        "content": "coco",
                        "answer": true
                    }
                ],
                "userExercise": null,
                "titleScore": 2.50
            },
            {
                "id": 131,
                "createdDate": null,
                "lastModifiedDate": null,
                "version": null,
                "content": "下列不能够实现像素级标签预测的是？",
                "exerciseAnalysis": "",
                "type": "MULTIPLE_CHOICE",
                "schoolId": null,
                "subjectId": null,
                "score": null,
                "complexity": null,
                "beAdopted": null,
                "enabled": null,
                "multipleChoices": [
                    {
                        "id": 97,
                        "createdDate": null,
                        "lastModifiedDate": null,
                        "version": null,
                        "exerciseId": null,
                        "option": "A",
                        "content": "物体检测",
                        "answer": true
                    },
                    {
                        "id": 98,
                        "createdDate": null,
                        "lastModifiedDate": null,
                        "version": null,
                        "exerciseId": null,
                        "option": "B",
                        "content": "图像分类",
                        "answer": true
                    },
                    {
                        "id": 99,
                        "createdDate": null,
                        "lastModifiedDate": null,
                        "version": null,
                        "exerciseId": null,
                        "option": "C",
                        "content": "图像分割",
                        "answer": false
                    },
                    {
                        "id": 100,
                        "createdDate": null,
                        "lastModifiedDate": null,
                        "version": null,
                        "exerciseId": null,
                        "option": "D",
                        "content": "声音分类",
                        "answer": true
                    }
                ],
                "userExercise": null,
                "titleScore": 2.50
            },
            {
                "id": 132,
                "createdDate": null,
                "lastModifiedDate": null,
                "version": null,
                "content": "在EasyDL语音模块下，可供选择的模型类型有哪些？",
                "exerciseAnalysis": "",
                "type": "MULTIPLE_CHOICE",
                "schoolId": null,
                "subjectId": null,
                "score": null,
                "complexity": null,
                "beAdopted": null,
                "enabled": null,
                "multipleChoices": [
                    {
                        "id": 101,
                        "createdDate": null,
                        "lastModifiedDate": null,
                        "version": null,
                        "exerciseId": null,
                        "option": "A",
                        "content": "语音翻译",
                        "answer": false
                    },
                    {
                        "id": 102,
                        "createdDate": null,
                        "lastModifiedDate": null,
                        "version": null,
                        "exerciseId": null,
                        "option": "B",
                        "content": "语音识别",
                        "answer": true
                    },
                    {
                        "id": 103,
                        "createdDate": null,
                        "lastModifiedDate": null,
                        "version": null,
                        "exerciseId": null,
                        "option": "C",
                        "content": "声音分类",
                        "answer": true
                    },
                    {
                        "id": 104,
                        "createdDate": null,
                        "lastModifiedDate": null,
                        "version": null,
                        "exerciseId": null,
                        "option": "D",
                        "content": "声音分析",
                        "answer": false
                    }
                ],
                "userExercise": null,
                "titleScore": 2.50
            },
            {
                "id": 133,
                "createdDate": null,
                "lastModifiedDate": null,
                "version": null,
                "content": "对于模型训练结果不佳的模型，我们可以采取以下哪些操作？",
                "exerciseAnalysis": "",
                "type": "MULTIPLE_CHOICE",
                "schoolId": null,
                "subjectId": null,
                "score": null,
                "complexity": null,
                "beAdopted": null,
                "enabled": null,
                "multipleChoices": [
                    {
                        "id": 105,
                        "createdDate": null,
                        "lastModifiedDate": null,
                        "version": null,
                        "exerciseId": null,
                        "option": "A",
                        "content": "增加数据集",
                        "answer": true
                    },
                    {
                        "id": 106,
                        "createdDate": null,
                        "lastModifiedDate": null,
                        "version": null,
                        "exerciseId": null,
                        "option": "B",
                        "content": "调整数据集的标注",
                        "answer": true
                    },
                    {
                        "id": 107,
                        "createdDate": null,
                        "lastModifiedDate": null,
                        "version": null,
                        "exerciseId": null,
                        "option": "C",
                        "content": "对图像进行冲洗",
                        "answer": true
                    },
                    {
                        "id": 108,
                        "createdDate": null,
                        "lastModifiedDate": null,
                        "version": null,
                        "exerciseId": null,
                        "option": "D",
                        "content": "更换模型类型",
                        "answer": false
                    }
                ],
                "userExercise": null,
                "titleScore": 2.50
            }
        ],
        "judges": [
            {
                "id": 134,
                "createdDate": null,
                "lastModifiedDate": null,
                "version": null,
                "content": "验证集最能代表模型的真实训练效果。",
                "exerciseAnalysis": "",
                "type": "JUDGE",
                "schoolId": null,
                "subjectId": null,
                "score": null,
                "complexity": null,
                "beAdopted": null,
                "enabled": null,
                "userExercise": null,
                "judge": {
                    "id": null,
                    "createdDate": null,
                    "lastModifiedDate": null,
                    "version": null,
                    "exerciseId": null,
                    "correct": false
                },
                "titleScore": 2.50
            },
            {
                "id": 135,
                "createdDate": null,
                "lastModifiedDate": null,
                "version": null,
                "content": "人工智能之父是达尔文。",
                "exerciseAnalysis": "",
                "type": "JUDGE",
                "schoolId": null,
                "subjectId": null,
                "score": null,
                "complexity": null,
                "beAdopted": null,
                "enabled": null,
                "userExercise": null,
                "judge": {
                    "id": null,
                    "createdDate": null,
                    "lastModifiedDate": null,
                    "version": null,
                    "exerciseId": null,
                    "correct": false
                },
                "titleScore": 2.50
            },
            {
                "id": 136,
                "createdDate": null,
                "lastModifiedDate": null,
                "version": null,
                "content": "模拟过程可以概括为在这个过程中他们会学习各种数据，从而面对新的数据时也能做出合理的决策。",
                "exerciseAnalysis": "",
                "type": "JUDGE",
                "schoolId": null,
                "subjectId": null,
                "score": null,
                "complexity": null,
                "beAdopted": null,
                "enabled": null,
                "userExercise": null,
                "judge": {
                    "id": null,
                    "createdDate": null,
                    "lastModifiedDate": null,
                    "version": null,
                    "exerciseId": null,
                    "correct": false
                },
                "titleScore": 2.50
            },
            {
                "id": 137,
                "createdDate": null,
                "lastModifiedDate": null,
                "version": null,
                "content": "在开始制作模型之前，首先要进行的步骤是收集数据。",
                "exerciseAnalysis": "",
                "type": "JUDGE",
                "schoolId": null,
                "subjectId": null,
                "score": null,
                "complexity": null,
                "beAdopted": null,
                "enabled": null,
                "userExercise": null,
                "judge": {
                    "id": null,
                    "createdDate": null,
                    "lastModifiedDate": null,
                    "version": null,
                    "exerciseId": null,
                    "correct": false
                },
                "titleScore": 2.50
            },
            {
                "id": 138,
                "createdDate": null,
                "lastModifiedDate": null,
                "version": null,
                "content": "数据采集的主要原则为尽可能采集真实业务场景一致的数据，并覆盖可能有的各种情况。",
                "exerciseAnalysis": "",
                "type": "JUDGE",
                "schoolId": null,
                "subjectId": null,
                "score": null,
                "complexity": null,
                "beAdopted": null,
                "enabled": null,
                "userExercise": null,
                "judge": {
                    "id": null,
                    "createdDate": null,
                    "lastModifiedDate": null,
                    "version": null,
                    "exerciseId": null,
                    "correct": true
                },
                "titleScore": 2.50
            },
            {
                "id": 139,
                "createdDate": null,
                "lastModifiedDate": null,
                "version": null,
                "content": "在进行图像分类时，遇到背景复杂的图像，我们可以优先考虑使用图像分割模型来制作模型。",
                "exerciseAnalysis": "",
                "type": "JUDGE",
                "schoolId": null,
                "subjectId": null,
                "score": null,
                "complexity": null,
                "beAdopted": null,
                "enabled": null,
                "userExercise": null,
                "judge": {
                    "id": null,
                    "createdDate": null,
                    "lastModifiedDate": null,
                    "version": null,
                    "exerciseId": null,
                    "correct": false
                },
                "titleScore": 2.50
            },
            {
                "id": 140,
                "createdDate": null,
                "lastModifiedDate": null,
                "version": null,
                "content": "在限制性场景下，训练集可采用或补充仿真数据进行训练。",
                "exerciseAnalysis": "",
                "type": "JUDGE",
                "schoolId": null,
                "subjectId": null,
                "score": null,
                "complexity": null,
                "beAdopted": null,
                "enabled": null,
                "userExercise": null,
                "judge": {
                    "id": null,
                    "createdDate": null,
                    "lastModifiedDate": null,
                    "version": null,
                    "exerciseId": null,
                    "correct": true
                },
                "titleScore": 2.50
            },
            {
                "id": 141,
                "createdDate": null,
                "lastModifiedDate": null,
                "version": null,
                "content": "在控制台中创建的应用不可以删除。",
                "exerciseAnalysis": "",
                "type": "JUDGE",
                "schoolId": null,
                "subjectId": null,
                "score": null,
                "complexity": null,
                "beAdopted": null,
                "enabled": null,
                "userExercise": null,
                "judge": {
                    "id": null,
                    "createdDate": null,
                    "lastModifiedDate": null,
                    "version": null,
                    "exerciseId": null,
                    "correct": false
                },
                "titleScore": 2.50
            },
            {
                "id": 142,
                "createdDate": null,
                "lastModifiedDate": null,
                "version": null,
                "content": "物体检测：检测图中每个物体的位置、名称。适合图中有多个主体要识别、或要识别主体位置及数量的场景。",
                "exerciseAnalysis": "",
                "type": "JUDGE",
                "schoolId": null,
                "subjectId": null,
                "score": null,
                "complexity": null,
                "beAdopted": null,
                "enabled": null,
                "userExercise": null,
                "judge": {
                    "id": null,
                    "createdDate": null,
                    "lastModifiedDate": null,
                    "version": null,
                    "exerciseId": null,
                    "correct": true
                },
                "titleScore": 2.50
            },
            {
                "id": 143,
                "createdDate": null,
                "lastModifiedDate": null,
                "version": null,
                "content": "每次训练时，验证集与测试集都必须要上传。",
                "exerciseAnalysis": "",
                "type": "JUDGE",
                "schoolId": null,
                "subjectId": null,
                "score": null,
                "complexity": null,
                "beAdopted": null,
                "enabled": null,
                "userExercise": null,
                "judge": {
                    "id": null,
                    "createdDate": null,
                    "lastModifiedDate": null,
                    "version": null,
                    "exerciseId": null,
                    "correct": false
                },
                "titleScore": 2.50
            },
            {
                "id": 144,
                "createdDate": null,
                "lastModifiedDate": null,
                "version": null,
                "content": "在对物体检测的图片进行标注时，如图片上的物体露出面积小于本体百分之30，那么可以不标。",
                "exerciseAnalysis": "",
                "type": "JUDGE",
                "schoolId": null,
                "subjectId": null,
                "score": null,
                "complexity": null,
                "beAdopted": null,
                "enabled": null,
                "userExercise": null,
                "judge": {
                    "id": null,
                    "createdDate": null,
                    "lastModifiedDate": null,
                    "version": null,
                    "exerciseId": null,
                    "correct": true
                },
                "titleScore": 2.50
            },
            {
                "id": 145,
                "createdDate": null,
                "lastModifiedDate": null,
                "version": null,
                "content": "测试集是需要提前上传到平台让机器学习的一类数据集。",
                "exerciseAnalysis": "",
                "type": "JUDGE",
                "schoolId": null,
                "subjectId": null,
                "score": null,
                "complexity": null,
                "beAdopted": null,
                "enabled": null,
                "userExercise": null,
                "judge": {
                    "id": null,
                    "createdDate": null,
                    "lastModifiedDate": null,
                    "version": null,
                    "exerciseId": null,
                    "correct": false
                },
                "titleScore": 2.50
            },
            {
                "id": 146,
                "createdDate": null,
                "lastModifiedDate": null,
                "version": null,
                "content": "在训练与检验完成之后，我们可以对声音分类模型进行体验H5的操作。",
                "exerciseAnalysis": "",
                "type": "JUDGE",
                "schoolId": null,
                "subjectId": null,
                "score": null,
                "complexity": null,
                "beAdopted": null,
                "enabled": null,
                "userExercise": null,
                "judge": {
                    "id": null,
                    "createdDate": null,
                    "lastModifiedDate": null,
                    "version": null,
                    "exerciseId": null,
                    "correct": false
                },
                "titleScore": 2.50
            },
            {
                "id": 147,
                "createdDate": null,
                "lastModifiedDate": null,
                "version": null,
                "content": "想要对一张背景杂乱的图片进行识别分类的操作，我们可以选择使用物体检测模型来完成，先定位，再分类。",
                "exerciseAnalysis": "",
                "type": "JUDGE",
                "schoolId": null,
                "subjectId": null,
                "score": null,
                "complexity": null,
                "beAdopted": null,
                "enabled": null,
                "userExercise": null,
                "judge": {
                    "id": null,
                    "createdDate": null,
                    "lastModifiedDate": null,
                    "version": null,
                    "exerciseId": null,
                    "correct": true
                },
                "titleScore": 2.50
            },
            {
                "id": 148,
                "createdDate": null,
                "lastModifiedDate": null,
                "version": null,
                "content": "训练模型的时候，我们需要保持训练页面不关闭，否则训练会停止。",
                "exerciseAnalysis": "",
                "type": "JUDGE",
                "schoolId": null,
                "subjectId": null,
                "score": null,
                "complexity": null,
                "beAdopted": null,
                "enabled": null,
                "userExercise": null,
                "judge": {
                    "id": null,
                    "createdDate": null,
                    "lastModifiedDate": null,
                    "version": null,
                    "exerciseId": null,
                    "correct": false
                },
                "titleScore": 2.50
            },
            {
                "id": 149,
                "createdDate": null,
                "lastModifiedDate": null,
                "version": null,
                "content": "我们可以使用AK和SK来获取ACCESS_TOKEN，从而实现调用API的操作。",
                "exerciseAnalysis": "",
                "type": "JUDGE",
                "schoolId": null,
                "subjectId": null,
                "score": null,
                "complexity": null,
                "beAdopted": null,
                "enabled": null,
                "userExercise": null,
                "judge": {
                    "id": null,
                    "createdDate": null,
                    "lastModifiedDate": null,
                    "version": null,
                    "exerciseId": null,
                    "correct": true
                },
                "titleScore": 2.50
            }
        ],
        "shortAnswerVOS": [],
        "completionVOS": [],
        "uncertainChoiceVOS": [],
        "scoreRulesCompletion": null,
        "scoreRulesShortAnswer": null,
        "scoreRulesJudges": {
            "id": 116,
            "createdDate": "2022-10-18T14:41:05",
            "lastModifiedDate": "2022-10-18T14:41:05",
            "version": 1,
            "examinationId": 64,
            "questionType": "JUDGE",
            "score": 2.50,
            "topicNumber": 16,
            "totalPoints": 40.00,
            "numberBlank": 0,
            "scoreSort": 4,
            "setMethod": "BATCH_SETTING"
        },
        "scoreRulesUncertainChoice": null,
        "scoreRulesSingleChoices": {
            "id": 114,
            "createdDate": "2022-10-18T14:41:05",
            "lastModifiedDate": "2022-10-18T14:41:05",
            "version": 1,
            "examinationId": 64,
            "questionType": "SINGLE_CHOICE",
            "score": 2.50,
            "topicNumber": 13,
            "totalPoints": 32.50,
            "numberBlank": 0,
            "scoreSort": 1,
            "setMethod": "BATCH_SETTING"
        },
        "scoreRulesMultipleChoices": {
            "id": 115,
            "createdDate": "2022-10-18T14:41:05",
            "lastModifiedDate": "2022-10-18T14:41:05",
            "version": 1,
            "examinationId": 64,
            "questionType": "MULTIPLE_CHOICE",
            "score": 2.50,
            "topicNumber": 11,
            "totalPoints": 27.50,
            "numberBlank": 0,
            "scoreSort": 2,
            "setMethod": "BATCH_SETTING"
        }
    }
}